Order ID,Order_Date,Customer ID,Customer Name,Address,City,State,ZIP,Countr_Region,Salesperson,Region,Shipped Date,Shipper Name,Ship Name,Ship Address,Ship City,Ship State,Ship ZIP,Ship Country,Payment Type,Product Name,Category,Unit Price,Quantity,Revenue,Shipping Fee
1001,1/12/14,27,Company AA,789 27th Street,Las Vegas,NV,99999,USA,Mariya Sergienko,West,1/16/14,Shipping Company B,Karen Toh,789 27th Street,Las Vegas,NV,99999,USA,Check,Beer,Beverages,14,49,686,66.54
1002,2/21/14,27,Company AA,789 27th Street,Las Vegas,NV,99999,USA,Mariya Sergienko,West,2/25/14,Shipping Company B,Karen Toh,789 27th Street,Las Vegas,NV,99999,USA,Check,Dried Plums,Dried Fruit & Nuts,3.5,47,164.5,16.61
1003,5/15/14,4,Company D,123 4th Street,New York,NY,99999,USA,Andrew Cencini,East,5/27/14,Shipping Company A,Christina Lee,123 4th Street,New York,NY,99999,USA,Credit Card,Dried Pears,Dried Fruit & Nuts,30,69,2070,198.72
1004,11/26/13,4,Company D,123 4th Street,New York,NY,99999,USA,Andrew Cencini,East,12/1/13,Shipping Company A,Christina Lee,123 4th Street,New York,NY,99999,USA,Credit Card,Dried Apples,Dried Fruit & Nuts,53,89,4717,448.12
1005,4/29/14,4,Company D,123 4th Street,New York,NY,99999,USA,Andrew Cencini,East,5/9/14,Shipping Company A,Christina Lee,123 4th Street,New York,NY,99999,USA,Credit Card,Dried Plums,Dried Fruit & Nuts,3.5,11,38.5,3.73
1006,1/31/14,12,Company L,123 12th Street,Las Vegas,NV,99999,USA,Mariya Sergienko,West,2/8/14,Shipping Company B,John Edwards,123 12th Street,Las Vegas,NV,99999,USA,Credit Card,Chai,Beverages,18,81,1458,141.43
1007,4/15/14,12,Company L,123 12th Street,Las Vegas,NV,99999,USA,Mariya Sergienko,West,4/30/14,Shipping Company B,John Edwards,123 12th Street,Las Vegas,NV,99999,USA,Credit Card,Coffee,Beverages,46,44,2024,198.35
1008,2/20/14,8,Company H,123 8th Street,Portland,OR,99999,USA,Nancy Freehafer,North,3/2/14,Shipping Company C,Elizabeth Andersen,123 8th Street,Portland,OR,99999,USA,Credit Card,Chocolate Biscuits Mix,Baked Goods & Mixes,9.2,38,349.6,36.01
1009,1/11/14,4,Company D,123 4th Street,New York,NY,99999,USA,Andrew Cencini,East,1/20/14,Shipping Company C,Christina Lee,123 4th Street,New York,NY,99999,USA,Check,Chocolate Biscuits Mix,Baked Goods & Mixes,9.2,88,809.6,79.34
1010,5/16/14,29,Company CC,789 29th Street,Denver,CO,99999,USA,Jan Kotas,West,6/1/14,Shipping Company B,Soo Jung Lee,789 29th Street,Denver,CO,99999,USA,Check,Chocolate,Candy,12.75,94,1198.5,122.25
1011,6/3/14,3,Company C,123 3rd Street,Los Angelas,CA,99999,USA,Mariya Sergienko,West,6/6/14,Shipping Company B,Thomas Axerr,123 3rd Street,Los Angelas,CA,99999,USA,Cash,Clam Chowder,Soups,9.65,91,878.15,92.21
1012,1/9/14,6,Company F,123 6th Street,Milwaukee,WI,99999,USA,Michael Neipper,North,1/13/14,Shipping Company B,Francisco PŽrez-Olaeta,123 6th Street,Milwaukee,WI,99999,USA,Credit Card,Curry Sauce,Sauces,40,32,1280,133.12
1013,4/14/14,28,Company BB,789 28th Street,Memphis,TN,99999,USA,Anne Larsen,South,4/22/14,Shipping Company C,Amritansh Raghav,789 28th Street,Memphis,TN,99999,USA,Check,Coffee,Beverages,46,55,2530,253
1014,1/30/14,8,Company H,123 8th Street,Portland,OR,99999,USA,Nancy Freehafer,North,2/4/14,Shipping Company C,Elizabeth Andersen,123 8th Street,Portland,OR,99999,USA,Check,Chocolate,Candy,12.75,47,599.25,61.72
1015,1/16/14,10,Company J,123 10th Street,Chicago,IL,99999,USA,Laura Giussani,East,1/31/14,Shipping Company B,Roland Wacker,123 10th Street,Chicago,IL,99999,USA,Credit Card,Green Tea,Beverages,2.99,90,269.1,27.72
1016,2/5/14,7,Company G,123 7th Street,Boise,ID,99999,USA,Nancy Freehafer,North,2/19/14,NULL,Ming-Yang Xie,123 7th Street,Boise,ID,99999,USA,NULL,Coffee,Beverages,46,24,1104,110.4
1017,2/10/14,10,Company J,123 10th Street,Chicago,IL,99999,USA,Laura Giussani,East,2/19/14,Shipping Company A,Roland Wacker,123 10th Street,Chicago,IL,99999,USA,NULL,Boysenberry Spread,"Jams, Preserves",25,34,850,80.75
1018,5/3/14,10,Company J,123 10th Street,Chicago,IL,99999,USA,Laura Giussani,East,5/7/14,Shipping Company A,Roland Wacker,123 10th Street,Chicago,IL,99999,USA,NULL,Cajun Seasoning,Condiments,22,17,374,35.9
1019,3/27/14,10,Company J,123 10th Street,Chicago,IL,99999,USA,Laura Giussani,East,4/3/14,Shipping Company A,Roland Wacker,123 10th Street,Chicago,IL,99999,USA,NULL,Chocolate Biscuits Mix,Baked Goods & Mixes,9.2,44,404.8,42.1
1020,4/15/14,11,Company K,123 11th Street,Miami,FL,99999,USA,Anne Larsen,South,4/23/14,Shipping Company C,Peter Krschne,123 11th Street,Miami,FL,99999,USA,NULL,Dried Plums,Dried Fruit & Nuts,3.5,81,283.5,27.5
1021,4/15/14,11,Company K,123 11th Street,Miami,FL,99999,USA,Anne Larsen,South,4/24/14,Shipping Company C,Peter Krschne,123 11th Street,Miami,FL,99999,USA,NULL,Green Tea,Beverages,2.99,49,146.51,15.09
1022,3/10/14,1,Company A,123 1st Street,Seattle,WA,99999,USA,Nancy Freehafer,North,3/26/14,NULL,Anna Bedecs,123 1st Street,Seattle,WA,99999,USA,NULL,Chai,Beverages,18,42,756,75.6
1023,12/17/13,1,Company A,123 1st Street,Seattle,WA,99999,USA,Nancy Freehafer,North,1/1/14,NULL,Anna Bedecs,123 1st Street,Seattle,WA,99999,USA,NULL,Coffee,Beverages,46,58,2668,269.47
1024,1/4/14,1,Company A,123 1st Street,Seattle,WA,99999,USA,Nancy Freehafer,North,1/17/14,NULL,Anna Bedecs,123 1st Street,Seattle,WA,99999,USA,NULL,Green Tea,Beverages,2.99,67,200.33,20.03
1025,12/30/13,28,Company BB,789 28th Street,Memphis,TN,99999,USA,Anne Larsen,South,1/6/14,Shipping Company C,Amritansh Raghav,789 28th Street,Memphis,TN,99999,USA,Credit Card,Clam Chowder,Soups,9.65,100,965,93.61
1026,1/1/14,28,Company BB,789 28th Street,Memphis,TN,99999,USA,Anne Larsen,South,1/10/14,Shipping Company C,Amritansh Raghav,789 28th Street,Memphis,TN,99999,USA,Credit Card,Crab Meat,Canned Meat,18.4,63,1159.2,114.76
1027,6/2/14,9,Company I,123 9th Street,Salt Lake City,UT,99999,USA,Robert Zare,West,6/13/14,Shipping Company A,Sven Mortensen,123 9th Street,Salt Lake City,UT,99999,USA,Check,Ravioli,Pasta,19.5,57,1111.5,110.04
1028,1/26/14,9,Company I,123 9th Street,Salt Lake City,UT,99999,USA,Robert Zare,West,1/29/14,Shipping Company A,Sven Mortensen,123 9th Street,Salt Lake City,UT,99999,USA,Check,Mozzarella,Dairy Products,34.8,81,2818.8,295.97
1029,4/14/14,6,Company F,123 6th Street,Milwaukee,WI,99999,USA,Michael Neipper,North,4/24/14,Shipping Company B,Francisco PŽrez-Olaeta,123 6th Street,Milwaukee,WI,99999,USA,Credit Card,Beer,Beverages,14,71,994,95.42
1030,2/27/14,8,Company H,123 8th Street,Portland,OR,99999,USA,Nancy Freehafer,North,3/5/14,Shipping Company B,Elizabeth Andersen,123 8th Street,Portland,OR,99999,USA,Check,Curry Sauce,Sauces,40,32,1280,129.28
1031,1/9/14,3,Company C,123 3rd Street,Los Angelas,CA,99999,USA,Mariya Sergienko,West,1/17/14,Shipping Company B,Thomas Axerr,123 3rd Street,Los Angelas,CA,99999,USA,Cash,Syrup,Condiments,10,63,630,65.52
1032,1/22/14,3,Company C,123 3rd Street,Los Angelas,CA,99999,USA,Mariya Sergienko,West,1/24/14,Shipping Company B,Thomas Axerr,123 3rd Street,Los Angelas,CA,99999,USA,Cash,Curry Sauce,Sauces,40,30,1200,120
1033,3/11/14,6,Company F,123 6th Street,Milwaukee,WI,99999,USA,Michael Neipper,North,3/15/14,Shipping Company B,Francisco PŽrez-Olaeta,123 6th Street,Milwaukee,WI,99999,USA,Credit Card,NULL,NULL,NULL,NULL,0,43
1034,12/6/13,28,Company BB,789 28th Street,Memphis,TN,99999,USA,Anne Larsen,South,12/20/13,Shipping Company C,Amritansh Raghav,789 28th Street,Memphis,TN,99999,USA,Check,NULL,NULL,NULL,NULL,0,31
1035,12/30/13,8,Company H,123 8th Street,Portland,OR,99999,USA,Nancy Freehafer,North,1/7/14,Shipping Company C,Elizabeth Andersen,123 8th Street,Portland,OR,99999,USA,Check,NULL,NULL,NULL,NULL,0,46
1036,4/27/14,10,Company J,123 10th Street,Chicago,IL,99999,USA,Laura Giussani,East,5/13/14,Shipping Company B,Roland Wacker,123 10th Street,Chicago,IL,99999,USA,Credit Card,Almonds,Dried Fruit & Nuts,10,47,470,48.88
1038,3/15/14,10,Company J,123 10th Street,Chicago,IL,99999,USA,Laura Giussani,East,3/22/14,Shipping Company A,Roland Wacker,123 10th Street,Chicago,IL,99999,USA,NULL,Dried Plums,Dried Fruit & Nuts,3.5,49,171.5,16.46
1039,11/24/13,11,Company K,123 11th Street,Miami,FL,99999,USA,Anne Larsen,South,11/26/13,Shipping Company C,Peter Krschne,123 11th Street,Miami,FL,99999,USA,NULL,Curry Sauce,Sauces,40,72,2880,285.12
1040,3/2/14,1,Company A,123 1st Street,Seattle,WA,99999,USA,Nancy Freehafer,North,3/7/14,Shipping Company C,Anna Bedecs,123 1st Street,Seattle,WA,99999,USA,NULL,Crab Meat,Canned Meat,18.4,13,239.2,23.68
1041,12/30/13,28,Company BB,789 28th Street,Memphis,TN,99999,USA,Anne Larsen,South,1/8/14,Shipping Company C,Amritansh Raghav,789 28th Street,Memphis,TN,99999,USA,Credit Card,Coffee,Beverages,46,32,1472,148.67
1042,12/29/13,9,Company I,123 9th Street,Salt Lake City,UT,99999,USA,Robert Zare,West,12/31/13,Shipping Company A,Sven Mortensen,123 9th Street,Salt Lake City,UT,99999,USA,Check,Clam Chowder,Soups,9.65,27,260.55,24.75
1043,2/11/14,6,Company F,123 6th Street,Milwaukee,WI,99999,USA,Michael Neipper,North,2/14/14,Shipping Company B,Francisco PŽrez-Olaeta,123 6th Street,Milwaukee,WI,99999,USA,Credit Card,Chocolate,Candy,12.75,71,905.25,91.43
1044,3/9/14,8,Company H,123 8th Street,Portland,OR,99999,USA,Nancy Freehafer,North,3/24/14,Shipping Company B,Elizabeth Andersen,123 8th Street,Portland,OR,99999,USA,Check,Chocolate,Candy,12.75,13,165.75,15.75
1045,4/27/14,25,Company Y,789 25th Street,Chicago,IL,99999,USA,Laura Giussani,East,5/3/14,Shipping Company A,John Rodman,789 25th Street,Chicago,IL,99999,USA,Cash,Cajun Seasoning,Condiments,22,98,2156,204.82
1046,1/19/14,26,Company Z,789 26th Street,Miami,FL,99999,USA,Anne Larsen,South,2/4/14,Shipping Company C,Run Liu,789 26th Street,Miami,FL,99999,USA,Credit Card,Boysenberry Spread,"Jams, Preserves",25,21,525,53.55
1047,12/27/13,29,Company CC,789 29th Street,Denver,CO,99999,USA,Jan Kotas,West,1/12/14,Shipping Company B,Soo Jung Lee,789 29th Street,Denver,CO,99999,USA,Check,Fruit Cocktail,Fruit & Veg,39,26,1014,106.47
1048,12/20/13,6,Company F,123 6th Street,Milwaukee,WI,99999,USA,Michael Neipper,North,1/3/14,Shipping Company C,Francisco PŽrez-Olaeta,123 6th Street,Milwaukee,WI,99999,USA,Check,Dried Pears,Dried Fruit & Nuts,30,96,2880,296.64
1049,1/13/14,6,Company F,123 6th Street,Milwaukee,WI,99999,USA,Michael Neipper,North,1/24/14,Shipping Company C,Francisco PŽrez-Olaeta,123 6th Street,Milwaukee,WI,99999,USA,Check,Dried Apples,Dried Fruit & Nuts,53,16,848,88.19
1050,3/14/14,4,Company D,123 4th Street,New York,NY,99999,USA,Andrew Cencini,East,3/16/14,NULL,Christina Lee,123 4th Street,New York,NY,99999,USA,NULL,Gnocchi,Pasta,38,96,3648,346.56
1051,12/5/13,3,Company C,123 3rd Street,Los Angelas,CA,99999,USA,Mariya Sergienko,West,12/15/13,NULL,Thomas Axerr,123 3rd Street,Los Angelas,CA,99999,USA,NULL,Green Tea,Beverages,2.99,75,224.25,23.1
1052,4/26/14,9,Company I,123 9th Street,Salt Lake City,UT,99999,USA,Robert Zare,West,4/29/14,Shipping Company A,Sven Mortensen,123 9th Street,Salt Lake City,UT,99999,USA,Check,Ravioli,Pasta,19.5,55,1072.5,108.32
1053,12/16/13,9,Company I,123 9th Street,Salt Lake City,UT,99999,USA,Robert Zare,West,12/25/13,Shipping Company A,Sven Mortensen,123 9th Street,Salt Lake City,UT,99999,USA,Check,Mozzarella,Dairy Products,34.8,11,382.8,36.75
1054,5/18/14,6,Company F,123 6th Street,Milwaukee,WI,99999,USA,Michael Neipper,North,5/28/14,Shipping Company B,Francisco PŽrez-Olaeta,123 6th Street,Milwaukee,WI,99999,USA,Credit Card,Beer,Beverages,14,53,742,71.97
1055,1/20/14,8,Company H,123 8th Street,Portland,OR,99999,USA,Nancy Freehafer,North,1/25/14,Shipping Company B,Elizabeth Andersen,123 8th Street,Portland,OR,99999,USA,Check,Curry Sauce,Sauces,40,85,3400,357
1056,11/25/13,8,Company H,123 8th Street,Portland,OR,99999,USA,Nancy Freehafer,North,11/27/13,Shipping Company B,Elizabeth Andersen,123 8th Street,Portland,OR,99999,USA,Check,Chocolate Biscuits Mix,Baked Goods & Mixes,9.2,97,892.4,91.02
1057,11/30/13,25,Company Y,789 25th Street,Chicago,IL,99999,USA,Laura Giussani,East,12/15/13,Shipping Company A,John Rodman,789 25th Street,Chicago,IL,99999,USA,Cash,Scones,Baked Goods & Mixes,10,46,460,46.46
1058,12/10/13,26,Company Z,789 26th Street,Miami,FL,99999,USA,Anne Larsen,South,12/25/13,Shipping Company C,Run Liu,789 26th Street,Miami,FL,99999,USA,Credit Card,Olive Oil,Oil,21.35,97,2070.95,196.74
1059,3/7/14,26,Company Z,789 26th Street,Miami,FL,99999,USA,Anne Larsen,South,3/17/14,Shipping Company C,Run Liu,789 26th Street,Miami,FL,99999,USA,Credit Card,Clam Chowder,Soups,9.65,97,936.05,95.48
1060,1/11/14,26,Company Z,789 26th Street,Miami,FL,99999,USA,Anne Larsen,South,1/15/14,Shipping Company C,Run Liu,789 26th Street,Miami,FL,99999,USA,Credit Card,Crab Meat,Canned Meat,18.4,65,1196,123.19
1061,2/27/14,29,Company CC,789 29th Street,Denver,CO,99999,USA,Jan Kotas,West,3/3/14,Shipping Company B,Soo Jung Lee,789 29th Street,Denver,CO,99999,USA,Check,Beer,Beverages,14,72,1008,100.8
1062,3/6/14,6,Company F,123 6th Street,Milwaukee,WI,99999,USA,Michael Neipper,North,3/10/14,Shipping Company C,Francisco PŽrez-Olaeta,123 6th Street,Milwaukee,WI,99999,USA,Check,Chocolate,Candy,12.75,16,204,20.2
1064,3/10/14,4,Company D,123 4th Street,New York,NY,99999,USA,Andrew Cencini,East,3/17/14,Shipping Company A,Christina Lee,123 4th Street,New York,NY,99999,USA,Credit Card,Marmalade,"Jams, Preserves",81,77,6237,642.41
1065,12/12/13,4,Company D,123 4th Street,New York,NY,99999,USA,Andrew Cencini,East,12/26/13,Shipping Company A,Christina Lee,123 4th Street,New York,NY,99999,USA,Credit Card,Long Grain Rice,Grains,7,37,259,24.61
1067,4/15/14,8,Company H,123 8th Street,Portland,OR,99999,USA,Nancy Freehafer,North,4/26/14,Shipping Company C,Elizabeth Andersen,123 8th Street,Portland,OR,99999,USA,Credit Card,Mozzarella,Dairy Products,34.8,63,2192.4,217.05
1070,12/31/13,3,Company C,123 3rd Street,Los Angelas,CA,99999,USA,Mariya Sergienko,West,1/11/14,Shipping Company B,Thomas Axerr,123 3rd Street,Los Angelas,CA,99999,USA,Cash,Syrup,Condiments,10,48,480,48
1071,2/21/14,3,Company C,123 3rd Street,Los Angelas,CA,99999,USA,Mariya Sergienko,West,3/2/14,Shipping Company B,Thomas Axerr,123 3rd Street,Los Angelas,CA,99999,USA,Cash,Curry Sauce,Sauces,40,71,2840,295.36
1075,2/25/14,10,Company J,123 10th Street,Chicago,IL,99999,USA,Laura Giussani,East,3/4/14,Shipping Company B,Roland Wacker,123 10th Street,Chicago,IL,99999,USA,Credit Card,Almonds,Dried Fruit & Nuts,10,55,550,55
1077,2/9/14,10,Company J,123 10th Street,Chicago,IL,99999,USA,Laura Giussani,East,2/16/14,Shipping Company A,Roland Wacker,123 10th Street,Chicago,IL,99999,USA,NULL,Dried Plums,Dried Fruit & Nuts,3.5,21,73.5,7.35
1078,4/7/14,11,Company K,123 11th Street,Miami,FL,99999,USA,Anne Larsen,South,4/20/14,Shipping Company C,Peter Krschne,123 11th Street,Miami,FL,99999,USA,NULL,Curry Sauce,Sauces,40,67,2680,270.68
1079,2/28/14,1,Company A,123 1st Street,Seattle,WA,99999,USA,Nancy Freehafer,North,3/14/14,Shipping Company C,Anna Bedecs,123 1st Street,Seattle,WA,99999,USA,NULL,Crab Meat,Canned Meat,18.4,75,1380,138
1080,4/14/14,28,Company BB,789 28th Street,Memphis,TN,99999,USA,Anne Larsen,South,4/18/14,Shipping Company C,Amritansh Raghav,789 28th Street,Memphis,TN,99999,USA,Credit Card,Coffee,Beverages,46,17,782,80.55
1081,4/5/14,4,Company D,123 4th Street,New York,NY,99999,USA,Andrew Cencini,East,4/19/14,Shipping Company A,Christina Lee,123 4th Street,New York,NY,99999,USA,Credit Card,Dried Plums,Dried Fruit & Nuts,3.5,48,168,16.3
1082,5/12/14,12,Company L,123 12th Street,Las Vegas,NV,99999,USA,Mariya Sergienko,West,5/27/14,Shipping Company B,John Edwards,123 12th Street,Las Vegas,NV,99999,USA,Credit Card,Chai,Beverages,18,74,1332,137.2
1083,5/3/14,12,Company L,123 12th Street,Las Vegas,NV,99999,USA,Mariya Sergienko,West,5/8/14,Shipping Company B,John Edwards,123 12th Street,Las Vegas,NV,99999,USA,Credit Card,Coffee,Beverages,46,96,4416,428.35
1084,5/11/14,8,Company H,123 8th Street,Portland,OR,99999,USA,Nancy Freehafer,North,5/25/14,Shipping Company C,Elizabeth Andersen,123 8th Street,Portland,OR,99999,USA,Credit Card,Chocolate Biscuits Mix,Baked Goods & Mixes,9.2,12,110.4,11.37
1085,5/1/14,4,Company D,123 4th Street,New York,NY,99999,USA,Andrew Cencini,East,5/8/14,Shipping Company C,Christina Lee,123 4th Street,New York,NY,99999,USA,Check,Chocolate Biscuits Mix,Baked Goods & Mixes,9.2,62,570.4,58.75
1086,6/4/14,29,Company CC,789 29th Street,Denver,CO,99999,USA,Jan Kotas,West,6/10/14,Shipping Company B,Soo Jung Lee,789 29th Street,Denver,CO,99999,USA,Check,Chocolate,Candy,12.75,35,446.25,45.96
1087,11/25/13,3,Company C,123 3rd Street,Los Angelas,CA,99999,USA,Mariya Sergienko,West,12/2/13,Shipping Company B,Thomas Axerr,123 3rd Street,Los Angelas,CA,99999,USA,Cash,Clam Chowder,Soups,9.65,95,916.75,91.68
1088,3/24/14,6,Company F,123 6th Street,Milwaukee,WI,99999,USA,Michael Neipper,North,3/28/14,Shipping Company B,Francisco PŽrez-Olaeta,123 6th Street,Milwaukee,WI,99999,USA,Credit Card,Curry Sauce,Sauces,40,17,680,68.68
1089,5/17/14,28,Company BB,789 28th Street,Memphis,TN,99999,USA,Anne Larsen,South,5/26/14,Shipping Company C,Amritansh Raghav,789 28th Street,Memphis,TN,99999,USA,Check,Coffee,Beverages,46,96,4416,463.68
1090,3/31/14,8,Company H,123 8th Street,Portland,OR,99999,USA,Nancy Freehafer,North,4/16/14,Shipping Company C,Elizabeth Andersen,123 8th Street,Portland,OR,99999,USA,Check,Chocolate,Candy,12.75,83,1058.25,102.65
1091,1/1/14,10,Company J,123 10th Street,Chicago,IL,99999,USA,Laura Giussani,East,1/8/14,Shipping Company B,Roland Wacker,123 10th Street,Chicago,IL,99999,USA,Credit Card,Green Tea,Beverages,2.99,88,263.12,26.05
1092,5/4/14,7,Company G,123 7th Street,Boise,ID,99999,USA,Nancy Freehafer,North,5/19/14,NULL,Ming-Yang Xie,123 7th Street,Boise,ID,99999,USA,NULL,Coffee,Beverages,46,59,2714,284.97
1093,5/12/14,10,Company J,123 10th Street,Chicago,IL,99999,USA,Laura Giussani,East,5/20/14,Shipping Company A,Roland Wacker,123 10th Street,Chicago,IL,99999,USA,NULL,Boysenberry Spread,"Jams, Preserves",25,27,675,68.85
1094,1/20/14,10,Company J,123 10th Street,Chicago,IL,99999,USA,Laura Giussani,East,1/25/14,Shipping Company A,Roland Wacker,123 10th Street,Chicago,IL,99999,USA,NULL,Cajun Seasoning,Condiments,22,37,814,85.47
1095,2/10/14,10,Company J,123 10th Street,Chicago,IL,99999,USA,Laura Giussani,East,2/14/14,Shipping Company A,Roland Wacker,123 10th Street,Chicago,IL,99999,USA,NULL,Chocolate Biscuits Mix,Baked Goods & Mixes,9.2,75,690,69
1096,3/25/14,11,Company K,123 11th Street,Miami,FL,99999,USA,Anne Larsen,South,3/31/14,Shipping Company C,Peter Krschne,123 11th Street,Miami,FL,99999,USA,NULL,Dried Plums,Dried Fruit & Nuts,3.5,71,248.5,24.1
1097,4/4/14,11,Company K,123 11th Street,Miami,FL,99999,USA,Anne Larsen,South,4/6/14,Shipping Company C,Peter Krschne,123 11th Street,Miami,FL,99999,USA,NULL,Green Tea,Beverages,2.99,88,263.12,26.05
1098,11/24/13,1,Company A,123 1st Street,Seattle,WA,99999,USA,Nancy Freehafer,North,12/5/13,NULL,Anna Bedecs,123 1st Street,Seattle,WA,99999,USA,NULL,Chai,Beverages,18,55,990,97.02
1099,12/26/13,29,Company CC,789 29th Street,Denver,CO,99999,USA,Jan Kotas,West,1/7/14,Shipping Company B,Soo Jung Lee,789 29th Street,Denver,CO,99999,USA,Check,Chocolate,Candy,12.75,14,178.5,16.96
1100,5/16/14,3,Company C,123 3rd Street,Los Angelas,CA,99999,USA,Mariya Sergienko,West,5/23/14,Shipping Company B,Thomas Axerr,123 3rd Street,Los Angelas,CA,99999,USA,Cash,Clam Chowder,Soups,9.65,43,414.95,42.32
1101,1/13/14,6,Company F,123 6th Street,Milwaukee,WI,99999,USA,Michael Neipper,North,1/21/14,Shipping Company B,Francisco PŽrez-Olaeta,123 6th Street,Milwaukee,WI,99999,USA,Credit Card,Curry Sauce,Sauces,40,63,2520,254.52
1102,1/12/14,28,Company BB,789 28th Street,Memphis,TN,99999,USA,Anne Larsen,South,1/17/14,Shipping Company C,Amritansh Raghav,789 28th Street,Memphis,TN,99999,USA,Check,Coffee,Beverages,46,36,1656,165.6
1103,12/10/13,8,Company H,123 8th Street,Portland,OR,99999,USA,Nancy Freehafer,North,12/26/13,Shipping Company C,Elizabeth Andersen,123 8th Street,Portland,OR,99999,USA,Check,Chocolate,Candy,12.75,41,522.75,54.37
1104,12/8/13,10,Company J,123 10th Street,Chicago,IL,99999,USA,Laura Giussani,East,12/17/13,Shipping Company B,Roland Wacker,123 10th Street,Chicago,IL,99999,USA,Credit Card,Green Tea,Beverages,2.99,35,104.65,10.26
1105,2/4/14,7,Company G,123 7th Street,Boise,ID,99999,USA,Nancy Freehafer,North,2/11/14,NULL,Ming-Yang Xie,123 7th Street,Boise,ID,99999,USA,NULL,Coffee,Beverages,46,31,1426,136.9
1106,3/9/14,10,Company J,123 10th Street,Chicago,IL,99999,USA,Laura Giussani,East,3/17/14,Shipping Company A,Roland Wacker,123 10th Street,Chicago,IL,99999,USA,NULL,Boysenberry Spread,"Jams, Preserves",25,52,1300,123.5
1107,4/12/14,10,Company J,123 10th Street,Chicago,IL,99999,USA,Laura Giussani,East,4/15/14,Shipping Company A,Roland Wacker,123 10th Street,Chicago,IL,99999,USA,NULL,Cajun Seasoning,Condiments,22,30,660,67.32
1108,4/26/14,10,Company J,123 10th Street,Chicago,IL,99999,USA,Laura Giussani,East,4/28/14,Shipping Company A,Roland Wacker,123 10th Street,Chicago,IL,99999,USA,NULL,Chocolate Biscuits Mix,Baked Goods & Mixes,9.2,41,377.2,38.47
1109,5/4/14,11,Company K,123 11th Street,Miami,FL,99999,USA,Anne Larsen,South,5/8/14,Shipping Company C,Peter Krschne,123 11th Street,Miami,FL,99999,USA,NULL,Dried Plums,Dried Fruit & Nuts,3.5,44,154,15.25
1110,6/3/14,11,Company K,123 11th Street,Miami,FL,99999,USA,Anne Larsen,South,6/11/14,Shipping Company C,Peter Krschne,123 11th Street,Miami,FL,99999,USA,NULL,Green Tea,Beverages,2.99,77,230.23,23.02
1111,2/11/14,1,Company A,123 1st Street,Seattle,WA,99999,USA,Nancy Freehafer,North,2/19/14,NULL,Anna Bedecs,123 1st Street,Seattle,WA,99999,USA,NULL,Chai,Beverages,18,29,522,52.72
1112,1/2/14,1,Company A,123 1st Street,Seattle,WA,99999,USA,Nancy Freehafer,North,1/10/14,NULL,Anna Bedecs,123 1st Street,Seattle,WA,99999,USA,NULL,Coffee,Beverages,46,77,3542,368.37
1113,5/23/14,1,Company A,123 1st Street,Seattle,WA,99999,USA,Nancy Freehafer,North,5/26/14,NULL,Anna Bedecs,123 1st Street,Seattle,WA,99999,USA,NULL,Green Tea,Beverages,2.99,73,218.27,21.83
1114,12/30/13,28,Company BB,789 28th Street,Memphis,TN,99999,USA,Anne Larsen,South,1/3/14,Shipping Company C,Amritansh Raghav,789 28th Street,Memphis,TN,99999,USA,Credit Card,Clam Chowder,Soups,9.65,74,714.1,67.84
1115,5/9/14,28,Company BB,789 28th Street,Memphis,TN,99999,USA,Anne Larsen,South,5/12/14,Shipping Company C,Amritansh Raghav,789 28th Street,Memphis,TN,99999,USA,Credit Card,Crab Meat,Canned Meat,18.4,25,460,46.46
1116,12/19/13,9,Company I,123 9th Street,Salt Lake City,UT,99999,USA,Robert Zare,West,12/31/13,Shipping Company A,Sven Mortensen,123 9th Street,Salt Lake City,UT,99999,USA,Check,Ravioli,Pasta,19.5,82,1599,153.5
1117,3/14/14,9,Company I,123 9th Street,Salt Lake City,UT,99999,USA,Robert Zare,West,3/16/14,Shipping Company A,Sven Mortensen,123 9th Street,Salt Lake City,UT,99999,USA,Check,Mozzarella,Dairy Products,34.8,37,1287.6,132.62
1118,4/20/14,6,Company F,123 6th Street,Milwaukee,WI,99999,USA,Michael Neipper,North,4/30/14,Shipping Company B,Francisco PŽrez-Olaeta,123 6th Street,Milwaukee,WI,99999,USA,Credit Card,Beer,Beverages,14,84,1176,112.9
1119,6/10/14,8,Company H,123 8th Street,Portland,OR,99999,USA,Nancy Freehafer,North,6/18/14,Shipping Company B,Elizabeth Andersen,123 8th Street,Portland,OR,99999,USA,Check,Curry Sauce,Sauces,40,73,2920,283.24
1120,3/2/14,8,Company H,123 8th Street,Portland,OR,99999,USA,Nancy Freehafer,North,3/6/14,Shipping Company B,Elizabeth Andersen,123 8th Street,Portland,OR,99999,USA,Check,Chocolate Biscuits Mix,Baked Goods & Mixes,9.2,51,469.2,44.57
1121,2/10/14,25,Company Y,789 25th Street,Chicago,IL,99999,USA,Laura Giussani,East,2/20/14,Shipping Company A,John Rodman,789 25th Street,Chicago,IL,99999,USA,Cash,Scones,Baked Goods & Mixes,10,66,660,68.64
1122,12/23/13,26,Company Z,789 26th Street,Miami,FL,99999,USA,Anne Larsen,South,12/31/13,Shipping Company C,Run Liu,789 26th Street,Miami,FL,99999,USA,Credit Card,Olive Oil,Oil,21.35,36,768.6,74.55
1123,11/26/13,26,Company Z,789 26th Street,Miami,FL,99999,USA,Anne Larsen,South,12/8/13,Shipping Company C,Run Liu,789 26th Street,Miami,FL,99999,USA,Credit Card,Clam Chowder,Soups,9.65,87,839.55,87.31
1124,5/30/14,26,Company Z,789 26th Street,Miami,FL,99999,USA,Anne Larsen,South,6/11/14,Shipping Company C,Run Liu,789 26th Street,Miami,FL,99999,USA,Credit Card,Crab Meat,Canned Meat,18.4,64,1177.6,115.4
1125,1/22/14,29,Company CC,789 29th Street,Denver,CO,99999,USA,Jan Kotas,West,1/29/14,Shipping Company B,Soo Jung Lee,789 29th Street,Denver,CO,99999,USA,Check,Beer,Beverages,14,21,294,30.87
1126,5/8/14,6,Company F,123 6th Street,Milwaukee,WI,99999,USA,Michael Neipper,North,5/22/14,Shipping Company C,Francisco PŽrez-Olaeta,123 6th Street,Milwaukee,WI,99999,USA,Check,Chocolate,Candy,12.75,19,242.25,24.47
1128,5/3/14,4,Company D,123 4th Street,New York,NY,99999,USA,Andrew Cencini,East,5/13/14,Shipping Company A,Christina Lee,123 4th Street,New York,NY,99999,USA,Credit Card,Marmalade,"Jams, Preserves",81,23,1863,195.62
1129,6/7/14,4,Company D,123 4th Street,New York,NY,99999,USA,Andrew Cencini,East,6/15/14,Shipping Company A,Christina Lee,123 4th Street,New York,NY,99999,USA,Credit Card,Long Grain Rice,Grains,7,72,504,51.91
1131,1/11/14,8,Company H,123 8th Street,Portland,OR,99999,USA,Nancy Freehafer,North,1/21/14,Shipping Company C,Elizabeth Andersen,123 8th Street,Portland,OR,99999,USA,Credit Card,Mozzarella,Dairy Products,34.8,22,765.6,75.03
1134,5/9/14,3,Company C,123 3rd Street,Los Angelas,CA,99999,USA,Mariya Sergienko,West,5/14/14,Shipping Company B,Thomas Axerr,123 3rd Street,Los Angelas,CA,99999,USA,Cash,Syrup,Condiments,10,82,820,85.28
1135,6/8/14,3,Company C,123 3rd Street,Los Angelas,CA,99999,USA,Mariya Sergienko,West,6/19/14,Shipping Company B,Thomas Axerr,123 3rd Street,Los Angelas,CA,99999,USA,Cash,Curry Sauce,Sauces,40,98,3920,411.6
1138,3/8/14,7,Company G,123 7th Street,Boise,ID,99999,USA,Nancy Freehafer,North,3/12/14,NULL,Ming-Yang Xie,123 7th Street,Boise,ID,99999,USA,NULL,Coffee,Beverages,46,71,3266,310.27
1139,5/9/14,10,Company J,123 10th Street,Chicago,IL,99999,USA,Laura Giussani,East,5/11/14,Shipping Company A,Roland Wacker,123 10th Street,Chicago,IL,99999,USA,NULL,Boysenberry Spread,"Jams, Preserves",25,40,1000,105
1140,3/20/14,10,Company J,123 10th Street,Chicago,IL,99999,USA,Laura Giussani,East,4/4/14,Shipping Company A,Roland Wacker,123 10th Street,Chicago,IL,99999,USA,NULL,Cajun Seasoning,Condiments,22,80,1760,172.48
1141,3/17/14,10,Company J,123 10th Street,Chicago,IL,99999,USA,Laura Giussani,East,3/20/14,Shipping Company A,Roland Wacker,123 10th Street,Chicago,IL,99999,USA,NULL,Chocolate Biscuits Mix,Baked Goods & Mixes,9.2,38,349.6,33.21
1142,1/3/14,11,Company K,123 11th Street,Miami,FL,99999,USA,Anne Larsen,South,1/9/14,Shipping Company C,Peter Krschne,123 11th Street,Miami,FL,99999,USA,NULL,Dried Plums,Dried Fruit & Nuts,3.5,28,98,10.29
1143,2/12/14,11,Company K,123 11th Street,Miami,FL,99999,USA,Anne Larsen,South,2/22/14,Shipping Company C,Peter Krschne,123 11th Street,Miami,FL,99999,USA,NULL,Green Tea,Beverages,2.99,60,179.4,17.58
1144,2/16/14,1,Company A,123 1st Street,Seattle,WA,99999,USA,Nancy Freehafer,North,2/22/14,NULL,Anna Bedecs,123 1st Street,Seattle,WA,99999,USA,NULL,Chai,Beverages,18,33,594,58.21
1145,12/10/13,1,Company A,123 1st Street,Seattle,WA,99999,USA,Nancy Freehafer,North,12/12/13,NULL,Anna Bedecs,123 1st Street,Seattle,WA,99999,USA,NULL,Coffee,Beverages,46,22,1012,101.2
1146,12/5/13,1,Company A,123 1st Street,Seattle,WA,99999,USA,Nancy Freehafer,North,12/7/13,NULL,Anna Bedecs,123 1st Street,Seattle,WA,99999,USA,NULL,Green Tea,Beverages,2.99,51,152.49,14.94
1147,12/14/13,28,Company BB,789 28th Street,Memphis,TN,99999,USA,Anne Larsen,South,12/26/13,Shipping Company C,Amritansh Raghav,789 28th Street,Memphis,TN,99999,USA,Credit Card,Clam Chowder,Soups,9.65,60,579,57.32
1148,4/11/14,28,Company BB,789 28th Street,Memphis,TN,99999,USA,Anne Larsen,South,4/18/14,Shipping Company C,Amritansh Raghav,789 28th Street,Memphis,TN,99999,USA,Credit Card,Crab Meat,Canned Meat,18.4,98,1803.2,183.93
1149,4/8/14,9,Company I,123 9th Street,Salt Lake City,UT,99999,USA,Robert Zare,West,4/16/14,Shipping Company A,Sven Mortensen,123 9th Street,Salt Lake City,UT,99999,USA,Check,Ravioli,Pasta,19.5,27,526.5,51.07
1150,1/16/14,9,Company I,123 9th Street,Salt Lake City,UT,99999,USA,Robert Zare,West,1/22/14,Shipping Company A,Sven Mortensen,123 9th Street,Salt Lake City,UT,99999,USA,Check,Mozzarella,Dairy Products,34.8,88,3062.4,303.18
1151,1/10/14,6,Company F,123 6th Street,Milwaukee,WI,99999,USA,Michael Neipper,North,1/12/14,Shipping Company B,Francisco PŽrez-Olaeta,123 6th Street,Milwaukee,WI,99999,USA,Credit Card,Beer,Beverages,14,65,910,95.55
1152,2/16/14,8,Company H,123 8th Street,Portland,OR,99999,USA,Nancy Freehafer,North,2/27/14,Shipping Company B,Elizabeth Andersen,123 8th Street,Portland,OR,99999,USA,Check,Curry Sauce,Sauces,40,38,1520,148.96
1153,4/17/14,8,Company H,123 8th Street,Portland,OR,99999,USA,Nancy Freehafer,North,4/19/14,Shipping Company B,Elizabeth Andersen,123 8th Street,Portland,OR,99999,USA,Check,Chocolate Biscuits Mix,Baked Goods & Mixes,9.2,80,736,70.66
1154,12/19/13,25,Company Y,789 25th Street,Chicago,IL,99999,USA,Laura Giussani,East,12/21/13,Shipping Company A,John Rodman,789 25th Street,Chicago,IL,99999,USA,Cash,Scones,Baked Goods & Mixes,10,49,490,47.04
1155,3/30/14,26,Company Z,789 26th Street,Miami,FL,99999,USA,Anne Larsen,South,4/11/14,Shipping Company C,Run Liu,789 26th Street,Miami,FL,99999,USA,Credit Card,Olive Oil,Oil,21.35,90,1921.5,186.39
1156,5/22/14,26,Company Z,789 26th Street,Miami,FL,99999,USA,Anne Larsen,South,5/26/14,Shipping Company C,Run Liu,789 26th Street,Miami,FL,99999,USA,Credit Card,Clam Chowder,Soups,9.65,60,579,59.64
1157,6/5/14,26,Company Z,789 26th Street,Miami,FL,99999,USA,Anne Larsen,South,6/7/14,Shipping Company C,Run Liu,789 26th Street,Miami,FL,99999,USA,Credit Card,Crab Meat,Canned Meat,18.4,39,717.6,71.76
1158,4/4/14,29,Company CC,789 29th Street,Denver,CO,99999,USA,Jan Kotas,West,4/13/14,Shipping Company B,Soo Jung Lee,789 29th Street,Denver,CO,99999,USA,Check,Beer,Beverages,14,79,1106,113.92
1159,3/15/14,6,Company F,123 6th Street,Milwaukee,WI,99999,USA,Michael Neipper,North,3/18/14,Shipping Company C,Francisco PŽrez-Olaeta,123 6th Street,Milwaukee,WI,99999,USA,Check,Chocolate,Candy,12.75,44,561,57.22
1161,3/26/14,4,Company D,123 4th Street,New York,NY,99999,USA,Andrew Cencini,East,4/10/14,Shipping Company A,Christina Lee,123 4th Street,New York,NY,99999,USA,Credit Card,Marmalade,"Jams, Preserves",81,98,7938,769.99
1162,5/29/14,4,Company D,123 4th Street,New York,NY,99999,USA,Andrew Cencini,East,6/5/14,Shipping Company A,Christina Lee,123 4th Street,New York,NY,99999,USA,Credit Card,Long Grain Rice,Grains,7,61,427,42.27
1164,12/18/13,8,Company H,123 8th Street,Portland,OR,99999,USA,Nancy Freehafer,North,12/23/13,Shipping Company C,Elizabeth Andersen,123 8th Street,Portland,OR,99999,USA,Credit Card,Mozzarella,Dairy Products,34.8,30,1044,109.62
1167,12/29/13,3,Company C,123 3rd Street,Los Angelas,CA,99999,USA,Mariya Sergienko,West,1/2/14,Shipping Company B,Thomas Axerr,123 3rd Street,Los Angelas,CA,99999,USA,Cash,Syrup,Condiments,10,24,240,25.2
1168,1/6/14,3,Company C,123 3rd Street,Los Angelas,CA,99999,USA,Mariya Sergienko,West,1/21/14,Shipping Company B,Thomas Axerr,123 3rd Street,Los Angelas,CA,99999,USA,Cash,Curry Sauce,Sauces,40,28,1120,109.76
1172,1/1/14,10,Company J,123 10th Street,Chicago,IL,99999,USA,Laura Giussani,East,1/11/14,Shipping Company B,Roland Wacker,123 10th Street,Chicago,IL,99999,USA,Credit Card,Almonds,Dried Fruit & Nuts,10,74,740,71.78
1174,1/20/14,10,Company J,123 10th Street,Chicago,IL,99999,USA,Laura Giussani,East,1/30/14,Shipping Company A,Roland Wacker,123 10th Street,Chicago,IL,99999,USA,NULL,Dried Plums,Dried Fruit & Nuts,3.5,90,315,30.24
1175,1/30/14,11,Company K,123 11th Street,Miami,FL,99999,USA,Anne Larsen,South,2/1/14,Shipping Company C,Peter Krschne,123 11th Street,Miami,FL,99999,USA,NULL,Curry Sauce,Sauces,40,27,1080,111.24
1176,3/31/14,1,Company A,123 1st Street,Seattle,WA,99999,USA,Nancy Freehafer,North,4/15/14,Shipping Company C,Anna Bedecs,123 1st Street,Seattle,WA,99999,USA,NULL,Crab Meat,Canned Meat,18.4,71,1306.4,137.17
1177,2/5/14,28,Company BB,789 28th Street,Memphis,TN,99999,USA,Anne Larsen,South,2/18/14,Shipping Company C,Amritansh Raghav,789 28th Street,Memphis,TN,99999,USA,Credit Card,Coffee,Beverages,46,74,3404,340.4
1178,3/13/14,9,Company I,123 9th Street,Salt Lake City,UT,99999,USA,Robert Zare,West,3/26/14,Shipping Company A,Sven Mortensen,123 9th Street,Salt Lake City,UT,99999,USA,Check,Clam Chowder,Soups,9.65,76,733.4,72.61
1179,4/23/14,6,Company F,123 6th Street,Milwaukee,WI,99999,USA,Michael Neipper,North,5/2/14,Shipping Company B,Francisco PŽrez-Olaeta,123 6th Street,Milwaukee,WI,99999,USA,Credit Card,Chocolate,Candy,12.75,96,1224,123.62
1180,4/19/14,8,Company H,123 8th Street,Portland,OR,99999,USA,Nancy Freehafer,North,4/25/14,Shipping Company B,Elizabeth Andersen,123 8th Street,Portland,OR,99999,USA,Check,Chocolate,Candy,12.75,92,1173,116.13
1181,5/8/14,25,Company Y,789 25th Street,Chicago,IL,99999,USA,Laura Giussani,East,5/23/14,Shipping Company A,John Rodman,789 25th Street,Chicago,IL,99999,USA,Cash,Cajun Seasoning,Condiments,22,93,2046,200.51
1182,2/7/14,26,Company Z,789 26th Street,Miami,FL,99999,USA,Anne Larsen,South,2/17/14,Shipping Company C,Run Liu,789 26th Street,Miami,FL,99999,USA,Credit Card,Boysenberry Spread,"Jams, Preserves",25,18,450,42.75
1183,2/23/14,29,Company CC,789 29th Street,Denver,CO,99999,USA,Jan Kotas,West,3/5/14,Shipping Company B,Soo Jung Lee,789 29th Street,Denver,CO,99999,USA,Check,Fruit Cocktail,Fruit & Veg,39,98,3822,397.49
1184,5/14/14,6,Company F,123 6th Street,Milwaukee,WI,99999,USA,Michael Neipper,North,5/21/14,Shipping Company C,Francisco PŽrez-Olaeta,123 6th Street,Milwaukee,WI,99999,USA,Check,Dried Pears,Dried Fruit & Nuts,30,46,1380,135.24
1185,4/15/14,6,Company F,123 6th Street,Milwaukee,WI,99999,USA,Michael Neipper,North,4/19/14,Shipping Company C,Francisco PŽrez-Olaeta,123 6th Street,Milwaukee,WI,99999,USA,Check,Dried Apples,Dried Fruit & Nuts,53,14,742,74.2
1186,4/8/14,4,Company D,123 4th Street,New York,NY,99999,USA,Andrew Cencini,East,4/21/14,NULL,Christina Lee,123 4th Street,New York,NY,99999,USA,NULL,Gnocchi,Pasta,38,85,3230,319.77
1187,1/3/14,3,Company C,123 3rd Street,Los Angelas,CA,99999,USA,Mariya Sergienko,West,1/9/14,NULL,Thomas Axerr,123 3rd Street,Los Angelas,CA,99999,USA,NULL,Green Tea,Beverages,2.99,88,263.12,25.52
1188,4/27/14,1,Company A,123 1st Street,Seattle,WA,99999,USA,Nancy Freehafer,North,4/30/14,NULL,Anna Bedecs,123 1st Street,Seattle,WA,99999,USA,NULL,Green Tea,Beverages,2.99,81,242.19,23.98
1189,4/17/14,28,Company BB,789 28th Street,Memphis,TN,99999,USA,Anne Larsen,South,4/30/14,Shipping Company C,Amritansh Raghav,789 28th Street,Memphis,TN,99999,USA,Credit Card,Clam Chowder,Soups,9.65,33,318.45,30.25
1190,5/13/14,28,Company BB,789 28th Street,Memphis,TN,99999,USA,Anne Larsen,South,5/23/14,Shipping Company C,Amritansh Raghav,789 28th Street,Memphis,TN,99999,USA,Credit Card,Crab Meat,Canned Meat,18.4,47,864.8,90.8
1191,2/24/14,9,Company I,123 9th Street,Salt Lake City,UT,99999,USA,Robert Zare,West,3/1/14,Shipping Company A,Sven Mortensen,123 9th Street,Salt Lake City,UT,99999,USA,Check,Ravioli,Pasta,19.5,61,1189.5,123.71
1192,3/8/14,9,Company I,123 9th Street,Salt Lake City,UT,99999,USA,Robert Zare,West,3/10/14,Shipping Company A,Sven Mortensen,123 9th Street,Salt Lake City,UT,99999,USA,Check,Mozzarella,Dairy Products,34.8,27,939.6,95.84
1193,5/22/14,6,Company F,123 6th Street,Milwaukee,WI,99999,USA,Michael Neipper,North,6/4/14,Shipping Company B,Francisco PŽrez-Olaeta,123 6th Street,Milwaukee,WI,99999,USA,Credit Card,Beer,Beverages,14,84,1176,118.78
1194,12/28/13,8,Company H,123 8th Street,Portland,OR,99999,USA,Nancy Freehafer,North,1/3/14,Shipping Company B,Elizabeth Andersen,123 8th Street,Portland,OR,99999,USA,Check,Curry Sauce,Sauces,40,91,3640,360.36
1195,1/1/14,8,Company H,123 8th Street,Portland,OR,99999,USA,Nancy Freehafer,North,1/10/14,Shipping Company B,Elizabeth Andersen,123 8th Street,Portland,OR,99999,USA,Check,Chocolate Biscuits Mix,Baked Goods & Mixes,9.2,36,331.2,34.44
1196,2/15/14,25,Company Y,789 25th Street,Chicago,IL,99999,USA,Laura Giussani,East,2/18/14,Shipping Company A,John Rodman,789 25th Street,Chicago,IL,99999,USA,Cash,Scones,Baked Goods & Mixes,10,34,340,34.34
1197,1/20/14,26,Company Z,789 26th Street,Miami,FL,99999,USA,Anne Larsen,South,1/31/14,Shipping Company C,Run Liu,789 26th Street,Miami,FL,99999,USA,Credit Card,Olive Oil,Oil,21.35,81,1729.35,178.12
1198,4/4/14,26,Company Z,789 26th Street,Miami,FL,99999,USA,Anne Larsen,South,4/15/14,Shipping Company C,Run Liu,789 26th Street,Miami,FL,99999,USA,Credit Card,Clam Chowder,Soups,9.65,25,241.25,23.4
1199,4/8/14,26,Company Z,789 26th Street,Miami,FL,99999,USA,Anne Larsen,South,4/19/14,Shipping Company C,Run Liu,789 26th Street,Miami,FL,99999,USA,Credit Card,Crab Meat,Canned Meat,18.4,12,220.8,22.08
1200,5/13/14,29,Company CC,789 29th Street,Denver,CO,99999,USA,Jan Kotas,West,5/27/14,Shipping Company B,Soo Jung Lee,789 29th Street,Denver,CO,99999,USA,Check,Beer,Beverages,14,23,322,30.91
1201,5/31/14,6,Company F,123 6th Street,Milwaukee,WI,99999,USA,Michael Neipper,North,6/9/14,Shipping Company C,Francisco PŽrez-Olaeta,123 6th Street,Milwaukee,WI,99999,USA,Check,Chocolate,Candy,12.75,76,969,97.87
1203,12/22/13,4,Company D,123 4th Street,New York,NY,99999,USA,Andrew Cencini,East,12/28/13,Shipping Company A,Christina Lee,123 4th Street,New York,NY,99999,USA,Credit Card,Marmalade,"Jams, Preserves",81,55,4455,445.5
1204,3/8/14,4,Company D,123 4th Street,New York,NY,99999,USA,Andrew Cencini,East,3/22/14,Shipping Company A,Christina Lee,123 4th Street,New York,NY,99999,USA,Credit Card,Long Grain Rice,Grains,7,19,133,12.9
1206,4/28/14,8,Company H,123 8th Street,Portland,OR,99999,USA,Nancy Freehafer,North,5/5/14,Shipping Company C,Elizabeth Andersen,123 8th Street,Portland,OR,99999,USA,Credit Card,Mozzarella,Dairy Products,34.8,27,939.6,89.26
1209,2/16/14,3,Company C,123 3rd Street,Los Angelas,CA,99999,USA,Mariya Sergienko,West,2/26/14,Shipping Company B,Thomas Axerr,123 3rd Street,Los Angelas,CA,99999,USA,Cash,Syrup,Condiments,10,99,990,95.04
1210,2/12/14,3,Company C,123 3rd Street,Los Angelas,CA,99999,USA,Mariya Sergienko,West,2/17/14,Shipping Company B,Thomas Axerr,123 3rd Street,Los Angelas,CA,99999,USA,Cash,Curry Sauce,Sauces,40,10,400,40
1214,11/30/13,10,Company J,123 10th Street,Chicago,IL,99999,USA,Laura Giussani,East,12/8/13,Shipping Company B,Roland Wacker,123 10th Street,Chicago,IL,99999,USA,Credit Card,Almonds,Dried Fruit & Nuts,10,80,800,77.6
1216,12/19/13,10,Company J,123 10th Street,Chicago,IL,99999,USA,Laura Giussani,East,12/29/13,Shipping Company A,Roland Wacker,123 10th Street,Chicago,IL,99999,USA,NULL,Dried Plums,Dried Fruit & Nuts,3.5,27,94.5,9.07
1217,3/22/14,11,Company K,123 11th Street,Miami,FL,99999,USA,Anne Larsen,South,3/30/14,Shipping Company C,Peter Krschne,123 11th Street,Miami,FL,99999,USA,NULL,Curry Sauce,Sauces,40,97,3880,380.24
1218,3/27/14,1,Company A,123 1st Street,Seattle,WA,99999,USA,Nancy Freehafer,North,4/1/14,Shipping Company C,Anna Bedecs,123 1st Street,Seattle,WA,99999,USA,NULL,Crab Meat,Canned Meat,18.4,42,772.8,80.37
1219,3/21/14,28,Company BB,789 28th Street,Memphis,TN,99999,USA,Anne Larsen,South,4/3/14,Shipping Company C,Amritansh Raghav,789 28th Street,Memphis,TN,99999,USA,Credit Card,Coffee,Beverages,46,24,1104,105.98
1220,4/5/14,9,Company I,123 9th Street,Salt Lake City,UT,99999,USA,Robert Zare,West,4/21/14,Shipping Company A,Sven Mortensen,123 9th Street,Salt Lake City,UT,99999,USA,Check,Clam Chowder,Soups,9.65,90,868.5,83.38
1221,1/29/14,6,Company F,123 6th Street,Milwaukee,WI,99999,USA,Michael Neipper,North,2/4/14,Shipping Company B,Francisco PŽrez-Olaeta,123 6th Street,Milwaukee,WI,99999,USA,Credit Card,Chocolate,Candy,12.75,28,357,35.7
1222,4/4/14,28,Company BB,789 28th Street,Memphis,TN,99999,USA,Anne Larsen,South,4/17/14,Shipping Company C,Amritansh Raghav,789 28th Street,Memphis,TN,99999,USA,Check,Coffee,Beverages,46,28,1288,133.95
1223,5/2/14,8,Company H,123 8th Street,Portland,OR,99999,USA,Nancy Freehafer,North,5/4/14,Shipping Company C,Elizabeth Andersen,123 8th Street,Portland,OR,99999,USA,Check,Chocolate,Candy,12.75,57,726.75,69.77
1224,1/5/14,10,Company J,123 10th Street,Chicago,IL,99999,USA,Laura Giussani,East,1/16/14,Shipping Company B,Roland Wacker,123 10th Street,Chicago,IL,99999,USA,Credit Card,Green Tea,Beverages,2.99,23,68.77,6.67
1225,3/24/14,7,Company G,123 7th Street,Boise,ID,99999,USA,Nancy Freehafer,North,3/27/14,NULL,Ming-Yang Xie,123 7th Street,Boise,ID,99999,USA,NULL,Coffee,Beverages,46,86,3956,399.56
1226,1/8/14,10,Company J,123 10th Street,Chicago,IL,99999,USA,Laura Giussani,East,1/16/14,Shipping Company A,Roland Wacker,123 10th Street,Chicago,IL,99999,USA,NULL,Boysenberry Spread,"Jams, Preserves",25,47,1175,116.33
1227,12/9/13,10,Company J,123 10th Street,Chicago,IL,99999,USA,Laura Giussani,East,12/23/13,Shipping Company A,Roland Wacker,123 10th Street,Chicago,IL,99999,USA,NULL,Cajun Seasoning,Condiments,22,97,2134,221.94
1228,4/2/14,10,Company J,123 10th Street,Chicago,IL,99999,USA,Laura Giussani,East,4/18/14,Shipping Company A,Roland Wacker,123 10th Street,Chicago,IL,99999,USA,NULL,Chocolate Biscuits Mix,Baked Goods & Mixes,9.2,96,883.2,86.55
1229,4/25/14,11,Company K,123 11th Street,Miami,FL,99999,USA,Anne Larsen,South,5/11/14,Shipping Company C,Peter Krschne,123 11th Street,Miami,FL,99999,USA,NULL,Dried Plums,Dried Fruit & Nuts,3.5,31,108.5,10.85
1230,3/18/14,11,Company K,123 11th Street,Miami,FL,99999,USA,Anne Larsen,South,3/31/14,Shipping Company C,Peter Krschne,123 11th Street,Miami,FL,99999,USA,NULL,Green Tea,Beverages,2.99,52,155.48,16.01
1231,5/4/14,1,Company A,123 1st Street,Seattle,WA,99999,USA,Nancy Freehafer,North,5/20/14,NULL,Anna Bedecs,123 1st Street,Seattle,WA,99999,USA,NULL,Chai,Beverages,18,91,1638,158.89
1232,5/27/14,1,Company A,123 1st Street,Seattle,WA,99999,USA,Nancy Freehafer,North,6/5/14,NULL,Anna Bedecs,123 1st Street,Seattle,WA,99999,USA,NULL,Coffee,Beverages,46,14,644,63.76
1233,11/24/13,1,Company A,123 1st Street,Seattle,WA,99999,USA,Nancy Freehafer,North,11/27/13,NULL,Anna Bedecs,123 1st Street,Seattle,WA,99999,USA,NULL,Green Tea,Beverages,2.99,44,131.56,13.29
1234,12/6/13,28,Company BB,789 28th Street,Memphis,TN,99999,USA,Anne Larsen,South,12/8/13,Shipping Company C,Amritansh Raghav,789 28th Street,Memphis,TN,99999,USA,Credit Card,Clam Chowder,Soups,9.65,97,936.05,95.48
1235,3/14/14,28,Company BB,789 28th Street,Memphis,TN,99999,USA,Anne Larsen,South,3/17/14,Shipping Company C,Amritansh Raghav,789 28th Street,Memphis,TN,99999,USA,Credit Card,Crab Meat,Canned Meat,18.4,80,1472,150.14
1236,6/11/14,9,Company I,123 9th Street,Salt Lake City,UT,99999,USA,Robert Zare,West,6/21/14,Shipping Company A,Sven Mortensen,123 9th Street,Salt Lake City,UT,99999,USA,Check,Ravioli,Pasta,19.5,66,1287,132.56
1237,1/11/14,9,Company I,123 9th Street,Salt Lake City,UT,99999,USA,Robert Zare,West,1/14/14,Shipping Company A,Sven Mortensen,123 9th Street,Salt Lake City,UT,99999,USA,Check,Mozzarella,Dairy Products,34.8,32,1113.6,111.36
1238,11/29/13,6,Company F,123 6th Street,Milwaukee,WI,99999,USA,Michael Neipper,North,12/1/13,Shipping Company B,Francisco PŽrez-Olaeta,123 6th Street,Milwaukee,WI,99999,USA,Credit Card,Beer,Beverages,14,52,728,72.8
1239,1/6/14,8,Company H,123 8th Street,Portland,OR,99999,USA,Nancy Freehafer,North,1/21/14,Shipping Company B,Elizabeth Andersen,123 8th Street,Portland,OR,99999,USA,Check,Curry Sauce,Sauces,40,78,3120,318.24
1240,4/19/14,8,Company H,123 8th Street,Portland,OR,99999,USA,Nancy Freehafer,North,5/4/14,Shipping Company B,Elizabeth Andersen,123 8th Street,Portland,OR,99999,USA,Check,Chocolate Biscuits Mix,Baked Goods & Mixes,9.2,54,496.8,49.18
1241,2/28/14,25,Company Y,789 25th Street,Chicago,IL,99999,USA,Laura Giussani,East,3/13/14,Shipping Company A,John Rodman,789 25th Street,Chicago,IL,99999,USA,Cash,Scones,Baked Goods & Mixes,10,55,550,52.25
1242,4/5/14,26,Company Z,789 26th Street,Miami,FL,99999,USA,Anne Larsen,South,4/15/14,Shipping Company C,Run Liu,789 26th Street,Miami,FL,99999,USA,Credit Card,Olive Oil,Oil,21.35,60,1281,129.38
1243,2/18/14,26,Company Z,789 26th Street,Miami,FL,99999,USA,Anne Larsen,South,3/6/14,Shipping Company C,Run Liu,789 26th Street,Miami,FL,99999,USA,Credit Card,Clam Chowder,Soups,9.65,19,183.35,17.42
1244,5/22/14,26,Company Z,789 26th Street,Miami,FL,99999,USA,Anne Larsen,South,6/5/14,Shipping Company C,Run Liu,789 26th Street,Miami,FL,99999,USA,Credit Card,Crab Meat,Canned Meat,18.4,66,1214.4,125.08
1245,5/18/14,29,Company CC,789 29th Street,Denver,CO,99999,USA,Jan Kotas,West,5/30/14,Shipping Company B,Soo Jung Lee,789 29th Street,Denver,CO,99999,USA,Check,Beer,Beverages,14,42,588,59.39
1246,2/24/14,6,Company F,123 6th Street,Milwaukee,WI,99999,USA,Michael Neipper,North,3/11/14,Shipping Company C,Francisco PŽrez-Olaeta,123 6th Street,Milwaukee,WI,99999,USA,Check,Chocolate,Candy,12.75,72,918,89.05
1248,1/9/14,4,Company D,123 4th Street,New York,NY,99999,USA,Andrew Cencini,East,1/23/14,Shipping Company A,Christina Lee,123 4th Street,New York,NY,99999,USA,Credit Card,Marmalade,"Jams, Preserves",81,32,2592,251.42
1249,12/4/13,4,Company D,123 4th Street,New York,NY,99999,USA,Andrew Cencini,East,12/7/13,Shipping Company A,Christina Lee,123 4th Street,New York,NY,99999,USA,Credit Card,Long Grain Rice,Grains,7,76,532,53.73
1250,2/15/14,10,Company J,123 10th Street,Chicago,IL,99999,USA,Laura Giussani,East,3/3/14,Shipping Company A,Roland Wacker,123 10th Street,Chicago,IL,99999,USA,NULL,Chocolate Biscuits Mix,Baked Goods & Mixes,9.2,83,763.6,74.83
1251,5/14/14,11,Company K,123 11th Street,Miami,FL,99999,USA,Anne Larsen,South,5/16/14,Shipping Company C,Peter Krschne,123 11th Street,Miami,FL,99999,USA,NULL,Dried Plums,Dried Fruit & Nuts,3.5,91,318.5,31.21
1252,5/11/14,11,Company K,123 11th Street,Miami,FL,99999,USA,Anne Larsen,South,5/26/14,Shipping Company C,Peter Krschne,123 11th Street,Miami,FL,99999,USA,NULL,Green Tea,Beverages,2.99,64,191.36,19.52
1253,1/22/14,1,Company A,123 1st Street,Seattle,WA,99999,USA,Nancy Freehafer,North,1/24/14,NULL,Anna Bedecs,123 1st Street,Seattle,WA,99999,USA,NULL,Chai,Beverages,18,58,1044,103.36
1254,1/16/14,1,Company A,123 1st Street,Seattle,WA,99999,USA,Nancy Freehafer,North,2/1/14,NULL,Anna Bedecs,123 1st Street,Seattle,WA,99999,USA,NULL,Coffee,Beverages,46,97,4462,464.05
1255,3/10/14,1,Company A,123 1st Street,Seattle,WA,99999,USA,Nancy Freehafer,North,3/16/14,NULL,Anna Bedecs,123 1st Street,Seattle,WA,99999,USA,NULL,Green Tea,Beverages,2.99,14,41.86,4.35
1256,3/30/14,28,Company BB,789 28th Street,Memphis,TN,99999,USA,Anne Larsen,South,4/10/14,Shipping Company C,Amritansh Raghav,789 28th Street,Memphis,TN,99999,USA,Credit Card,Clam Chowder,Soups,9.65,68,656.2,64.31
1257,1/24/14,28,Company BB,789 28th Street,Memphis,TN,99999,USA,Anne Larsen,South,1/27/14,Shipping Company C,Amritansh Raghav,789 28th Street,Memphis,TN,99999,USA,Credit Card,Crab Meat,Canned Meat,18.4,32,588.8,58.88
1258,12/31/13,9,Company I,123 9th Street,Salt Lake City,UT,99999,USA,Robert Zare,West,1/10/14,Shipping Company A,Sven Mortensen,123 9th Street,Salt Lake City,UT,99999,USA,Check,Ravioli,Pasta,19.5,48,936,94.54
1259,4/1/14,9,Company I,123 9th Street,Salt Lake City,UT,99999,USA,Robert Zare,West,4/9/14,Shipping Company A,Sven Mortensen,123 9th Street,Salt Lake City,UT,99999,USA,Check,Mozzarella,Dairy Products,34.8,57,1983.6,194.39
1260,2/6/14,6,Company F,123 6th Street,Milwaukee,WI,99999,USA,Michael Neipper,North,2/21/14,Shipping Company B,Francisco PŽrez-Olaeta,123 6th Street,Milwaukee,WI,99999,USA,Credit Card,Beer,Beverages,14,67,938,98.49
1261,4/18/14,8,Company H,123 8th Street,Portland,OR,99999,USA,Nancy Freehafer,North,4/26/14,Shipping Company B,Elizabeth Andersen,123 8th Street,Portland,OR,99999,USA,Check,Curry Sauce,Sauces,40,48,1920,188.16
1262,2/24/14,8,Company H,123 8th Street,Portland,OR,99999,USA,Nancy Freehafer,North,2/26/14,Shipping Company B,Elizabeth Andersen,123 8th Street,Portland,OR,99999,USA,Check,Chocolate Biscuits Mix,Baked Goods & Mixes,9.2,77,708.4,72.26
1263,5/29/14,25,Company Y,789 25th Street,Chicago,IL,99999,USA,Laura Giussani,East,6/3/14,Shipping Company A,John Rodman,789 25th Street,Chicago,IL,99999,USA,Cash,Scones,Baked Goods & Mixes,10,94,940,97.76
1264,5/2/14,26,Company Z,789 26th Street,Miami,FL,99999,USA,Anne Larsen,South,5/6/14,Shipping Company C,Run Liu,789 26th Street,Miami,FL,99999,USA,Credit Card,Olive Oil,Oil,21.35,54,1152.9,121.05
1265,5/10/14,26,Company Z,789 26th Street,Miami,FL,99999,USA,Anne Larsen,South,5/12/14,Shipping Company C,Run Liu,789 26th Street,Miami,FL,99999,USA,Credit Card,Clam Chowder,Soups,9.65,43,414.95,40.25
1266,1/16/14,26,Company Z,789 26th Street,Miami,FL,99999,USA,Anne Larsen,South,1/22/14,Shipping Company C,Run Liu,789 26th Street,Miami,FL,99999,USA,Credit Card,Crab Meat,Canned Meat,18.4,71,1306.4,134.56
1267,4/13/14,29,Company CC,789 29th Street,Denver,CO,99999,USA,Jan Kotas,West,4/19/14,Shipping Company B,Soo Jung Lee,789 29th Street,Denver,CO,99999,USA,Check,Beer,Beverages,14,50,700,67.2
1268,5/9/14,6,Company F,123 6th Street,Milwaukee,WI,99999,USA,Michael Neipper,North,5/16/14,Shipping Company C,Francisco PŽrez-Olaeta,123 6th Street,Milwaukee,WI,99999,USA,Check,Chocolate,Candy,12.75,96,1224,119.95
1270,12/6/13,4,Company D,123 4th Street,New York,NY,99999,USA,Andrew Cencini,East,12/19/13,Shipping Company A,Christina Lee,123 4th Street,New York,NY,99999,USA,Credit Card,Marmalade,"Jams, Preserves",81,54,4374,437.4
1271,1/1/14,4,Company D,123 4th Street,New York,NY,99999,USA,Andrew Cencini,East,1/11/14,Shipping Company A,Christina Lee,123 4th Street,New York,NY,99999,USA,Credit Card,Long Grain Rice,Grains,7,39,273,27.3
1273,1/31/14,8,Company H,123 8th Street,Portland,OR,99999,USA,Nancy Freehafer,North,2/10/14,Shipping Company C,Elizabeth Andersen,123 8th Street,Portland,OR,99999,USA,Credit Card,Mozzarella,Dairy Products,34.8,63,2192.4,230.2
1276,4/25/14,3,Company C,123 3rd Street,Los Angelas,CA,99999,USA,Mariya Sergienko,West,5/10/14,Shipping Company B,Thomas Axerr,123 3rd Street,Los Angelas,CA,99999,USA,Cash,Syrup,Condiments,10,71,710,73.13
1277,2/17/14,3,Company C,123 3rd Street,Los Angelas,CA,99999,USA,Mariya Sergienko,West,2/26/14,Shipping Company B,Thomas Axerr,123 3rd Street,Los Angelas,CA,99999,USA,Cash,Curry Sauce,Sauces,40,88,3520,366.08
1281,3/3/14,10,Company J,123 10th Street,Chicago,IL,99999,USA,Laura Giussani,East,3/17/14,Shipping Company B,Roland Wacker,123 10th Street,Chicago,IL,99999,USA,Credit Card,Almonds,Dried Fruit & Nuts,10,59,590,59.59
1282,3/14/14,6,Company F,123 6th Street,Milwaukee,WI,99999,USA,Michael Neipper,North,3/30/14,Shipping Company B,Francisco PŽrez-Olaeta,123 6th Street,Milwaukee,WI,99999,USA,Credit Card,Curry Sauce,Sauces,40,94,3760,376
1283,1/20/14,28,Company BB,789 28th Street,Memphis,TN,99999,USA,Anne Larsen,South,1/29/14,Shipping Company C,Amritansh Raghav,789 28th Street,Memphis,TN,99999,USA,Check,Coffee,Beverages,46,86,3956,379.78
1284,12/16/13,8,Company H,123 8th Street,Portland,OR,99999,USA,Nancy Freehafer,North,12/31/13,Shipping Company C,Elizabeth Andersen,123 8th Street,Portland,OR,99999,USA,Check,Chocolate,Candy,12.75,61,777.75,78.55
1285,2/16/14,10,Company J,123 10th Street,Chicago,IL,99999,USA,Laura Giussani,East,2/20/14,Shipping Company B,Roland Wacker,123 10th Street,Chicago,IL,99999,USA,Credit Card,Green Tea,Beverages,2.99,32,95.68,9.76
1286,3/29/14,7,Company G,123 7th Street,Boise,ID,99999,USA,Nancy Freehafer,North,3/31/14,NULL,Ming-Yang Xie,123 7th Street,Boise,ID,99999,USA,NULL,Coffee,Beverages,46,62,2852,290.9
1287,4/8/14,10,Company J,123 10th Street,Chicago,IL,99999,USA,Laura Giussani,East,4/10/14,Shipping Company A,Roland Wacker,123 10th Street,Chicago,IL,99999,USA,NULL,Boysenberry Spread,"Jams, Preserves",25,60,1500,154.5
1288,2/26/14,10,Company J,123 10th Street,Chicago,IL,99999,USA,Laura Giussani,East,3/4/14,Shipping Company A,Roland Wacker,123 10th Street,Chicago,IL,99999,USA,NULL,Cajun Seasoning,Condiments,22,51,1122,109.96
1289,5/25/14,10,Company J,123 10th Street,Chicago,IL,99999,USA,Laura Giussani,East,5/28/14,Shipping Company A,Roland Wacker,123 10th Street,Chicago,IL,99999,USA,NULL,Chocolate Biscuits Mix,Baked Goods & Mixes,9.2,49,450.8,44.63
1290,11/23/13,11,Company K,123 11th Street,Miami,FL,99999,USA,Anne Larsen,South,12/9/13,Shipping Company C,Peter Krschne,123 11th Street,Miami,FL,99999,USA,NULL,Dried Plums,Dried Fruit & Nuts,3.5,20,70,6.93
1291,12/8/13,11,Company K,123 11th Street,Miami,FL,99999,USA,Anne Larsen,South,12/14/13,Shipping Company C,Peter Krschne,123 11th Street,Miami,FL,99999,USA,NULL,Green Tea,Beverages,2.99,49,146.51,14.65
1292,1/30/14,1,Company A,123 1st Street,Seattle,WA,99999,USA,Nancy Freehafer,North,2/15/14,NULL,Anna Bedecs,123 1st Street,Seattle,WA,99999,USA,NULL,Chai,Beverages,18,22,396,38.02
1293,4/3/14,1,Company A,123 1st Street,Seattle,WA,99999,USA,Nancy Freehafer,North,4/14/14,NULL,Anna Bedecs,123 1st Street,Seattle,WA,99999,USA,NULL,Coffee,Beverages,46,73,3358,339.16
1294,2/18/14,1,Company A,123 1st Street,Seattle,WA,99999,USA,Nancy Freehafer,North,2/28/14,NULL,Anna Bedecs,123 1st Street,Seattle,WA,99999,USA,NULL,Green Tea,Beverages,2.99,85,254.15,24.65
1295,3/17/14,28,Company BB,789 28th Street,Memphis,TN,99999,USA,Anne Larsen,South,3/28/14,Shipping Company C,Amritansh Raghav,789 28th Street,Memphis,TN,99999,USA,Credit Card,Clam Chowder,Soups,9.65,44,424.6,44.16
1296,3/9/14,28,Company BB,789 28th Street,Memphis,TN,99999,USA,Anne Larsen,South,3/19/14,Shipping Company C,Amritansh Raghav,789 28th Street,Memphis,TN,99999,USA,Credit Card,Crab Meat,Canned Meat,18.4,24,441.6,42.84
1297,3/10/14,9,Company I,123 9th Street,Salt Lake City,UT,99999,USA,Robert Zare,West,3/20/14,Shipping Company A,Sven Mortensen,123 9th Street,Salt Lake City,UT,99999,USA,Check,Ravioli,Pasta,19.5,64,1248,119.81
1298,1/8/14,9,Company I,123 9th Street,Salt Lake City,UT,99999,USA,Robert Zare,West,1/16/14,Shipping Company A,Sven Mortensen,123 9th Street,Salt Lake City,UT,99999,USA,Check,Mozzarella,Dairy Products,34.8,70,2436,246.04
1299,2/13/14,6,Company F,123 6th Street,Milwaukee,WI,99999,USA,Michael Neipper,North,2/19/14,Shipping Company B,Francisco PŽrez-Olaeta,123 6th Street,Milwaukee,WI,99999,USA,Credit Card,Beer,Beverages,14,98,1372,138.57
1300,4/22/14,8,Company H,123 8th Street,Portland,OR,99999,USA,Nancy Freehafer,North,4/29/14,Shipping Company B,Elizabeth Andersen,123 8th Street,Portland,OR,99999,USA,Check,Curry Sauce,Sauces,40,48,1920,188.16
1301,5/16/14,8,Company H,123 8th Street,Portland,OR,99999,USA,Nancy Freehafer,North,5/22/14,Shipping Company B,Elizabeth Andersen,123 8th Street,Portland,OR,99999,USA,Check,Chocolate Biscuits Mix,Baked Goods & Mixes,9.2,100,920,91.08
1302,1/6/14,25,Company Y,789 25th Street,Chicago,IL,99999,USA,Laura Giussani,East,1/13/14,Shipping Company A,John Rodman,789 25th Street,Chicago,IL,99999,USA,Cash,Scones,Baked Goods & Mixes,10,90,900,87.3
1303,3/20/14,26,Company Z,789 26th Street,Miami,FL,99999,USA,Anne Larsen,South,3/26/14,Shipping Company C,Run Liu,789 26th Street,Miami,FL,99999,USA,Credit Card,Olive Oil,Oil,21.35,49,1046.15,102.52
1304,4/25/14,26,Company Z,789 26th Street,Miami,FL,99999,USA,Anne Larsen,South,5/2/14,Shipping Company C,Run Liu,789 26th Street,Miami,FL,99999,USA,Credit Card,Clam Chowder,Soups,9.65,71,685.15,65.77
1305,3/23/14,26,Company Z,789 26th Street,Miami,FL,99999,USA,Anne Larsen,South,4/5/14,Shipping Company C,Run Liu,789 26th Street,Miami,FL,99999,USA,Credit Card,Crab Meat,Canned Meat,18.4,10,184,19.14
1306,2/10/14,29,Company CC,789 29th Street,Denver,CO,99999,USA,Jan Kotas,West,2/20/14,Shipping Company B,Soo Jung Lee,789 29th Street,Denver,CO,99999,USA,Check,Beer,Beverages,14,78,1092,112.48
1307,2/3/14,6,Company F,123 6th Street,Milwaukee,WI,99999,USA,Michael Neipper,North,2/16/14,Shipping Company C,Francisco PŽrez-Olaeta,123 6th Street,Milwaukee,WI,99999,USA,Check,Chocolate,Candy,12.75,44,561,53.86
1309,12/12/13,4,Company D,123 4th Street,New York,NY,99999,USA,Andrew Cencini,East,12/18/13,Shipping Company A,Christina Lee,123 4th Street,New York,NY,99999,USA,Credit Card,Marmalade,"Jams, Preserves",81,82,6642,697.41
1310,5/13/14,4,Company D,123 4th Street,New York,NY,99999,USA,Andrew Cencini,East,5/28/14,Shipping Company A,Christina Lee,123 4th Street,New York,NY,99999,USA,Credit Card,Long Grain Rice,Grains,7,29,203,20.3
1312,12/9/13,8,Company H,123 8th Street,Portland,OR,99999,USA,Nancy Freehafer,North,12/18/13,Shipping Company C,Elizabeth Andersen,123 8th Street,Portland,OR,99999,USA,Credit Card,Mozzarella,Dairy Products,34.8,93,3236.4,313.93
1315,3/27/14,3,Company C,123 3rd Street,Los Angelas,CA,99999,USA,Mariya Sergienko,West,4/1/14,Shipping Company B,Thomas Axerr,123 3rd Street,Los Angelas,CA,99999,USA,Cash,Syrup,Condiments,10,11,110,11.44
1316,12/24/13,3,Company C,123 3rd Street,Los Angelas,CA,99999,USA,Mariya Sergienko,West,12/27/13,Shipping Company B,Thomas Axerr,123 3rd Street,Los Angelas,CA,99999,USA,Cash,Curry Sauce,Sauces,40,91,3640,364
1320,2/4/14,10,Company J,123 10th Street,Chicago,IL,99999,USA,Laura Giussani,East,2/11/14,Shipping Company B,Roland Wacker,123 10th Street,Chicago,IL,99999,USA,Credit Card,Almonds,Dried Fruit & Nuts,10,12,120,12.36
1322,2/15/14,10,Company J,123 10th Street,Chicago,IL,99999,USA,Laura Giussani,East,3/3/14,Shipping Company A,Roland Wacker,123 10th Street,Chicago,IL,99999,USA,NULL,Dried Plums,Dried Fruit & Nuts,3.5,78,273,27.3
1323,11/26/13,11,Company K,123 11th Street,Miami,FL,99999,USA,Anne Larsen,South,12/1/13,Shipping Company C,Peter Krschne,123 11th Street,Miami,FL,99999,USA,NULL,Curry Sauce,Sauces,40,60,2400,228
1324,5/30/14,1,Company A,123 1st Street,Seattle,WA,99999,USA,Nancy Freehafer,North,6/4/14,Shipping Company C,Anna Bedecs,123 1st Street,Seattle,WA,99999,USA,NULL,Crab Meat,Canned Meat,18.4,23,423.2,43.59
1325,11/24/13,28,Company BB,789 28th Street,Memphis,TN,99999,USA,Anne Larsen,South,12/9/13,Shipping Company C,Amritansh Raghav,789 28th Street,Memphis,TN,99999,USA,Credit Card,Coffee,Beverages,46,34,1564,157.96
1326,12/31/13,9,Company I,123 9th Street,Salt Lake City,UT,99999,USA,Robert Zare,West,1/14/14,Shipping Company A,Sven Mortensen,123 9th Street,Salt Lake City,UT,99999,USA,Check,Clam Chowder,Soups,9.65,89,858.85,86.74
1327,6/7/14,6,Company F,123 6th Street,Milwaukee,WI,99999,USA,Michael Neipper,North,6/14/14,Shipping Company B,Francisco PŽrez-Olaeta,123 6th Street,Milwaukee,WI,99999,USA,Credit Card,Chocolate,Candy,12.75,82,1045.5,103.5
1328,11/28/13,8,Company H,123 8th Street,Portland,OR,99999,USA,Nancy Freehafer,North,12/13/13,Shipping Company B,Elizabeth Andersen,123 8th Street,Portland,OR,99999,USA,Check,Chocolate,Candy,12.75,43,548.25,52.63
1329,1/27/14,10,Company J,123 10th Street,Chicago,IL,99999,USA,Laura Giussani,East,2/2/14,Shipping Company A,Roland Wacker,123 10th Street,Chicago,IL,99999,USA,NULL,Cajun Seasoning,Condiments,22,96,2112,221.76
1330,5/7/14,10,Company J,123 10th Street,Chicago,IL,99999,USA,Laura Giussani,East,5/23/14,Shipping Company A,Roland Wacker,123 10th Street,Chicago,IL,99999,USA,NULL,Chocolate Biscuits Mix,Baked Goods & Mixes,9.2,34,312.8,31.28
1331,1/21/14,11,Company K,123 11th Street,Miami,FL,99999,USA,Anne Larsen,South,2/1/14,Shipping Company C,Peter Krschne,123 11th Street,Miami,FL,99999,USA,NULL,Dried Plums,Dried Fruit & Nuts,3.5,42,147,15.14
1332,1/17/14,11,Company K,123 11th Street,Miami,FL,99999,USA,Anne Larsen,South,2/2/14,Shipping Company C,Peter Krschne,123 11th Street,Miami,FL,99999,USA,NULL,Green Tea,Beverages,2.99,100,299,30.5
1333,3/28/14,1,Company A,123 1st Street,Seattle,WA,99999,USA,Nancy Freehafer,North,4/12/14,NULL,Anna Bedecs,123 1st Street,Seattle,WA,99999,USA,NULL,Chai,Beverages,18,42,756,76.36
1334,4/30/14,1,Company A,123 1st Street,Seattle,WA,99999,USA,Nancy Freehafer,North,5/6/14,NULL,Anna Bedecs,123 1st Street,Seattle,WA,99999,USA,NULL,Coffee,Beverages,46,16,736,70.66
1335,12/18/13,1,Company A,123 1st Street,Seattle,WA,99999,USA,Nancy Freehafer,North,1/2/14,NULL,Anna Bedecs,123 1st Street,Seattle,WA,99999,USA,NULL,Green Tea,Beverages,2.99,22,65.78,6.38
1336,4/20/14,28,Company BB,789 28th Street,Memphis,TN,99999,USA,Anne Larsen,South,5/3/14,Shipping Company C,Amritansh Raghav,789 28th Street,Memphis,TN,99999,USA,Credit Card,Clam Chowder,Soups,9.65,46,443.9,45.72
1337,1/1/14,28,Company BB,789 28th Street,Memphis,TN,99999,USA,Anne Larsen,South,1/10/14,Shipping Company C,Amritansh Raghav,789 28th Street,Memphis,TN,99999,USA,Credit Card,Crab Meat,Canned Meat,18.4,100,1840,184
1338,5/7/14,9,Company I,123 9th Street,Salt Lake City,UT,99999,USA,Robert Zare,West,5/10/14,Shipping Company A,Sven Mortensen,123 9th Street,Salt Lake City,UT,99999,USA,Check,Ravioli,Pasta,19.5,87,1696.5,174.74
1339,1/31/14,9,Company I,123 9th Street,Salt Lake City,UT,99999,USA,Robert Zare,West,2/8/14,Shipping Company A,Sven Mortensen,123 9th Street,Salt Lake City,UT,99999,USA,Check,Mozzarella,Dairy Products,34.8,58,2018.4,205.88
1340,4/6/14,6,Company F,123 6th Street,Milwaukee,WI,99999,USA,Michael Neipper,North,4/18/14,Shipping Company B,Francisco PŽrez-Olaeta,123 6th Street,Milwaukee,WI,99999,USA,Credit Card,Beer,Beverages,14,85,1190,120.19
1341,2/21/14,8,Company H,123 8th Street,Portland,OR,99999,USA,Nancy Freehafer,North,2/24/14,Shipping Company B,Elizabeth Andersen,123 8th Street,Portland,OR,99999,USA,Check,Curry Sauce,Sauces,40,28,1120,110.88
1342,5/30/14,8,Company H,123 8th Street,Portland,OR,99999,USA,Nancy Freehafer,North,6/9/14,Shipping Company B,Elizabeth Andersen,123 8th Street,Portland,OR,99999,USA,Check,Chocolate Biscuits Mix,Baked Goods & Mixes,9.2,19,174.8,17.13
1343,11/23/13,25,Company Y,789 25th Street,Chicago,IL,99999,USA,Laura Giussani,East,11/26/13,Shipping Company A,John Rodman,789 25th Street,Chicago,IL,99999,USA,Cash,Scones,Baked Goods & Mixes,10,99,990,102.96
1344,3/29/14,26,Company Z,789 26th Street,Miami,FL,99999,USA,Anne Larsen,South,4/12/14,Shipping Company C,Run Liu,789 26th Street,Miami,FL,99999,USA,Credit Card,Olive Oil,Oil,21.35,69,1473.15,153.21
1345,1/23/14,26,Company Z,789 26th Street,Miami,FL,99999,USA,Anne Larsen,South,2/3/14,Shipping Company C,Run Liu,789 26th Street,Miami,FL,99999,USA,Credit Card,Clam Chowder,Soups,9.65,37,357.05,33.92
1346,1/13/14,26,Company Z,789 26th Street,Miami,FL,99999,USA,Anne Larsen,South,1/24/14,Shipping Company C,Run Liu,789 26th Street,Miami,FL,99999,USA,Credit Card,Crab Meat,Canned Meat,18.4,64,1177.6,118.94
1347,11/26/13,29,Company CC,789 29th Street,Denver,CO,99999,USA,Jan Kotas,West,11/28/13,Shipping Company B,Soo Jung Lee,789 29th Street,Denver,CO,99999,USA,Check,Beer,Beverages,14,38,532,55.33
1348,6/1/14,6,Company F,123 6th Street,Milwaukee,WI,99999,USA,Michael Neipper,North,6/8/14,Shipping Company C,Francisco PŽrez-Olaeta,123 6th Street,Milwaukee,WI,99999,USA,Check,Chocolate,Candy,12.75,15,191.25,18.55
1350,3/9/14,4,Company D,123 4th Street,New York,NY,99999,USA,Andrew Cencini,East,3/17/14,Shipping Company A,Christina Lee,123 4th Street,New York,NY,99999,USA,Credit Card,Marmalade,"Jams, Preserves",81,52,4212,412.78
1351,5/1/14,4,Company D,123 4th Street,New York,NY,99999,USA,Andrew Cencini,East,5/11/14,Shipping Company A,Christina Lee,123 4th Street,New York,NY,99999,USA,Credit Card,Long Grain Rice,Grains,7,37,259,25.38
1353,12/29/13,8,Company H,123 8th Street,Portland,OR,99999,USA,Nancy Freehafer,North,1/8/14,Shipping Company C,Elizabeth Andersen,123 8th Street,Portland,OR,99999,USA,Credit Card,Mozzarella,Dairy Products,34.8,24,835.2,80.18
1356,2/5/14,3,Company C,123 3rd Street,Los Angelas,CA,99999,USA,Mariya Sergienko,West,2/19/14,Shipping Company B,Thomas Axerr,123 3rd Street,Los Angelas,CA,99999,USA,Cash,Syrup,Condiments,10,36,360,37.08
1357,12/21/13,3,Company C,123 3rd Street,Los Angelas,CA,99999,USA,Mariya Sergienko,West,1/1/14,Shipping Company B,Thomas Axerr,123 3rd Street,Los Angelas,CA,99999,USA,Cash,Curry Sauce,Sauces,40,24,960,96
1361,4/8/14,10,Company J,123 10th Street,Chicago,IL,99999,USA,Laura Giussani,East,4/21/14,Shipping Company B,Roland Wacker,123 10th Street,Chicago,IL,99999,USA,Credit Card,Almonds,Dried Fruit & Nuts,10,20,200,20
1363,6/6/14,10,Company J,123 10th Street,Chicago,IL,99999,USA,Laura Giussani,East,6/19/14,Shipping Company A,Roland Wacker,123 10th Street,Chicago,IL,99999,USA,NULL,Dried Plums,Dried Fruit & Nuts,3.5,11,38.5,3.73
1364,12/24/13,11,Company K,123 11th Street,Miami,FL,99999,USA,Anne Larsen,South,1/4/14,Shipping Company C,Peter Krschne,123 11th Street,Miami,FL,99999,USA,NULL,Curry Sauce,Sauces,40,78,3120,299.52
1365,2/10/14,1,Company A,123 1st Street,Seattle,WA,99999,USA,Nancy Freehafer,North,2/26/14,Shipping Company C,Anna Bedecs,123 1st Street,Seattle,WA,99999,USA,NULL,Crab Meat,Canned Meat,18.4,76,1398.4,144.04
1366,2/13/14,28,Company BB,789 28th Street,Memphis,TN,99999,USA,Anne Larsen,South,2/15/14,Shipping Company C,Amritansh Raghav,789 28th Street,Memphis,TN,99999,USA,Credit Card,Coffee,Beverages,46,57,2622,272.69
1367,12/8/13,9,Company I,123 9th Street,Salt Lake City,UT,99999,USA,Robert Zare,West,12/10/13,Shipping Company A,Sven Mortensen,123 9th Street,Salt Lake City,UT,99999,USA,Check,Clam Chowder,Soups,9.65,14,135.1,12.97
1368,12/13/13,27,Company AA,789 27th Street,Las Vegas,NV,99999,USA,Mariya Sergienko,West,12/20/13,Shipping Company B,Karen Toh,789 27th Street,Las Vegas,NV,99999,USA,Check,Beer,Beverages,14,14,196,19.8
1369,3/8/14,27,Company AA,789 27th Street,Las Vegas,NV,99999,USA,Mariya Sergienko,West,3/23/14,Shipping Company B,Karen Toh,789 27th Street,Las Vegas,NV,99999,USA,Check,Dried Plums,Dried Fruit & Nuts,3.5,70,245,25.24
1370,12/12/13,4,Company D,123 4th Street,New York,NY,99999,USA,Andrew Cencini,East,12/21/13,Shipping Company A,Christina Lee,123 4th Street,New York,NY,99999,USA,Credit Card,Dried Pears,Dried Fruit & Nuts,30,100,3000,291
1371,4/2/14,4,Company D,123 4th Street,New York,NY,99999,USA,Andrew Cencini,East,4/10/14,Shipping Company A,Christina Lee,123 4th Street,New York,NY,99999,USA,Credit Card,Dried Apples,Dried Fruit & Nuts,53,27,1431,143.1
1372,1/21/14,4,Company D,123 4th Street,New York,NY,99999,USA,Andrew Cencini,East,1/30/14,Shipping Company A,Christina Lee,123 4th Street,New York,NY,99999,USA,Credit Card,Dried Plums,Dried Fruit & Nuts,3.5,70,245,24.01
1373,4/24/14,12,Company L,123 12th Street,Las Vegas,NV,99999,USA,Mariya Sergienko,West,4/28/14,Shipping Company B,John Edwards,123 12th Street,Las Vegas,NV,99999,USA,Credit Card,Chai,Beverages,18,57,1026,102.6
1374,6/5/14,12,Company L,123 12th Street,Las Vegas,NV,99999,USA,Mariya Sergienko,West,6/16/14,Shipping Company B,John Edwards,123 12th Street,Las Vegas,NV,99999,USA,Credit Card,Coffee,Beverages,46,83,3818,374.16
1375,3/9/14,8,Company H,123 8th Street,Portland,OR,99999,USA,Nancy Freehafer,North,3/18/14,Shipping Company C,Elizabeth Andersen,123 8th Street,Portland,OR,99999,USA,Credit Card,Chocolate Biscuits Mix,Baked Goods & Mixes,9.2,76,699.2,67.12
1376,5/31/14,4,Company D,123 4th Street,New York,NY,99999,USA,Andrew Cencini,East,6/12/14,Shipping Company C,Christina Lee,123 4th Street,New York,NY,99999,USA,Check,Chocolate Biscuits Mix,Baked Goods & Mixes,9.2,80,736,72.86
1377,3/6/14,29,Company CC,789 29th Street,Denver,CO,99999,USA,Jan Kotas,West,3/20/14,Shipping Company B,Soo Jung Lee,789 29th Street,Denver,CO,99999,USA,Check,Chocolate,Candy,12.75,47,599.25,59.33
1378,6/2/14,3,Company C,123 3rd Street,Los Angelas,CA,99999,USA,Mariya Sergienko,West,6/11/14,Shipping Company B,Thomas Axerr,123 3rd Street,Los Angelas,CA,99999,USA,Cash,Clam Chowder,Soups,9.65,96,926.4,94.49
1379,3/12/14,6,Company F,123 6th Street,Milwaukee,WI,99999,USA,Michael Neipper,North,3/23/14,Shipping Company B,Francisco PŽrez-Olaeta,123 6th Street,Milwaukee,WI,99999,USA,Credit Card,Curry Sauce,Sauces,40,32,1280,134.4
1380,5/20/14,28,Company BB,789 28th Street,Memphis,TN,99999,USA,Anne Larsen,South,5/31/14,Shipping Company C,Amritansh Raghav,789 28th Street,Memphis,TN,99999,USA,Check,Coffee,Beverages,46,16,736,73.6
1381,1/7/14,8,Company H,123 8th Street,Portland,OR,99999,USA,Nancy Freehafer,North,1/14/14,Shipping Company C,Elizabeth Andersen,123 8th Street,Portland,OR,99999,USA,Check,Chocolate,Candy,12.75,41,522.75,51.23
1382,3/27/14,10,Company J,123 10th Street,Chicago,IL,99999,USA,Laura Giussani,East,4/5/14,Shipping Company B,Roland Wacker,123 10th Street,Chicago,IL,99999,USA,Credit Card,Green Tea,Beverages,2.99,41,122.59,12.87
1383,3/29/14,7,Company G,123 7th Street,Boise,ID,99999,USA,Nancy Freehafer,North,4/14/14,NULL,Ming-Yang Xie,123 7th Street,Boise,ID,99999,USA,NULL,Coffee,Beverages,46,41,1886,194.26
1384,12/11/13,10,Company J,123 10th Street,Chicago,IL,99999,USA,Laura Giussani,East,12/17/13,Shipping Company A,Roland Wacker,123 10th Street,Chicago,IL,99999,USA,NULL,Boysenberry Spread,"Jams, Preserves",25,94,2350,235
1385,1/3/14,10,Company J,123 10th Street,Chicago,IL,99999,USA,Laura Giussani,East,1/8/14,Shipping Company A,Roland Wacker,123 10th Street,Chicago,IL,99999,USA,NULL,Cajun Seasoning,Condiments,22,20,440,46.2
1386,5/17/14,10,Company J,123 10th Street,Chicago,IL,99999,USA,Laura Giussani,East,5/24/14,Shipping Company A,Roland Wacker,123 10th Street,Chicago,IL,99999,USA,NULL,Chocolate Biscuits Mix,Baked Goods & Mixes,9.2,13,119.6,12.44
1387,3/30/14,11,Company K,123 11th Street,Miami,FL,99999,USA,Anne Larsen,South,4/13/14,Shipping Company C,Peter Krschne,123 11th Street,Miami,FL,99999,USA,NULL,Dried Plums,Dried Fruit & Nuts,3.5,74,259,26.94
1388,1/24/14,11,Company K,123 11th Street,Miami,FL,99999,USA,Anne Larsen,South,2/4/14,Shipping Company C,Peter Krschne,123 11th Street,Miami,FL,99999,USA,NULL,Green Tea,Beverages,2.99,53,158.47,16.01
1389,1/27/14,1,Company A,123 1st Street,Seattle,WA,99999,USA,Nancy Freehafer,North,1/31/14,NULL,Anna Bedecs,123 1st Street,Seattle,WA,99999,USA,NULL,Chai,Beverages,18,99,1782,174.64
1390,6/11/14,1,Company A,123 1st Street,Seattle,WA,99999,USA,Nancy Freehafer,North,6/13/14,NULL,Anna Bedecs,123 1st Street,Seattle,WA,99999,USA,NULL,Coffee,Beverages,46,89,4094,388.93
1391,1/12/14,1,Company A,123 1st Street,Seattle,WA,99999,USA,Nancy Freehafer,North,1/15/14,NULL,Anna Bedecs,123 1st Street,Seattle,WA,99999,USA,NULL,Green Tea,Beverages,2.99,64,191.36,19.52
1392,6/2/14,28,Company BB,789 28th Street,Memphis,TN,99999,USA,Anne Larsen,South,6/15/14,Shipping Company C,Amritansh Raghav,789 28th Street,Memphis,TN,99999,USA,Credit Card,Clam Chowder,Soups,9.65,98,945.7,96.46
1393,3/3/14,28,Company BB,789 28th Street,Memphis,TN,99999,USA,Anne Larsen,South,3/11/14,Shipping Company C,Amritansh Raghav,789 28th Street,Memphis,TN,99999,USA,Credit Card,Crab Meat,Canned Meat,18.4,86,1582.4,155.08
1394,12/11/13,9,Company I,123 9th Street,Salt Lake City,UT,99999,USA,Robert Zare,West,12/17/13,Shipping Company A,Sven Mortensen,123 9th Street,Salt Lake City,UT,99999,USA,Check,Ravioli,Pasta,19.5,20,390,40.95
1395,3/15/14,9,Company I,123 9th Street,Salt Lake City,UT,99999,USA,Robert Zare,West,3/21/14,Shipping Company A,Sven Mortensen,123 9th Street,Salt Lake City,UT,99999,USA,Check,Mozzarella,Dairy Products,34.8,69,2401.2,240.12
1396,3/12/14,6,Company F,123 6th Street,Milwaukee,WI,99999,USA,Michael Neipper,North,3/25/14,Shipping Company B,Francisco PŽrez-Olaeta,123 6th Street,Milwaukee,WI,99999,USA,Credit Card,Beer,Beverages,14,68,952,91.39
1397,2/15/14,8,Company H,123 8th Street,Portland,OR,99999,USA,Nancy Freehafer,North,2/25/14,Shipping Company B,Elizabeth Andersen,123 8th Street,Portland,OR,99999,USA,Check,Curry Sauce,Sauces,40,52,2080,203.84
1398,4/13/14,8,Company H,123 8th Street,Portland,OR,99999,USA,Nancy Freehafer,North,4/15/14,Shipping Company B,Elizabeth Andersen,123 8th Street,Portland,OR,99999,USA,Check,Chocolate Biscuits Mix,Baked Goods & Mixes,9.2,40,368,38.64
1399,3/20/14,25,Company Y,789 25th Street,Chicago,IL,99999,USA,Laura Giussani,East,3/26/14,Shipping Company A,John Rodman,789 25th Street,Chicago,IL,99999,USA,Cash,Scones,Baked Goods & Mixes,10,100,1000,98
1400,2/27/14,26,Company Z,789 26th Street,Miami,FL,99999,USA,Anne Larsen,South,3/4/14,Shipping Company C,Run Liu,789 26th Street,Miami,FL,99999,USA,Credit Card,Olive Oil,Oil,21.35,88,1878.8,184.12
1401,3/29/14,26,Company Z,789 26th Street,Miami,FL,99999,USA,Anne Larsen,South,4/3/14,Shipping Company C,Run Liu,789 26th Street,Miami,FL,99999,USA,Credit Card,Clam Chowder,Soups,9.65,46,443.9,42.61
1402,4/25/14,26,Company Z,789 26th Street,Miami,FL,99999,USA,Anne Larsen,South,4/27/14,Shipping Company C,Run Liu,789 26th Street,Miami,FL,99999,USA,Credit Card,Crab Meat,Canned Meat,18.4,93,1711.2,167.7
1403,3/20/14,29,Company CC,789 29th Street,Denver,CO,99999,USA,Jan Kotas,West,3/26/14,Shipping Company B,Soo Jung Lee,789 29th Street,Denver,CO,99999,USA,Check,Beer,Beverages,14,96,1344,141.12
1404,5/25/14,6,Company F,123 6th Street,Milwaukee,WI,99999,USA,Michael Neipper,North,6/6/14,Shipping Company C,Francisco PŽrez-Olaeta,123 6th Street,Milwaukee,WI,99999,USA,Check,Chocolate,Candy,12.75,12,153,16.07
1406,6/5/14,4,Company D,123 4th Street,New York,NY,99999,USA,Andrew Cencini,East,6/17/14,Shipping Company A,Christina Lee,123 4th Street,New York,NY,99999,USA,Credit Card,Marmalade,"Jams, Preserves",81,38,3078,292.41
1407,2/18/14,4,Company D,123 4th Street,New York,NY,99999,USA,Andrew Cencini,East,3/6/14,Shipping Company A,Christina Lee,123 4th Street,New York,NY,99999,USA,Credit Card,Long Grain Rice,Grains,7,42,294,29.11
1409,1/20/14,8,Company H,123 8th Street,Portland,OR,99999,USA,Nancy Freehafer,North,1/25/14,Shipping Company C,Elizabeth Andersen,123 8th Street,Portland,OR,99999,USA,Credit Card,Mozzarella,Dairy Products,34.8,100,3480,344.52
1412,3/30/14,3,Company C,123 3rd Street,Los Angelas,CA,99999,USA,Mariya Sergienko,West,4/5/14,Shipping Company B,Thomas Axerr,123 3rd Street,Los Angelas,CA,99999,USA,Cash,Syrup,Condiments,10,89,890,87.22
1413,6/1/14,3,Company C,123 3rd Street,Los Angelas,CA,99999,USA,Mariya Sergienko,West,6/9/14,Shipping Company B,Thomas Axerr,123 3rd Street,Los Angelas,CA,99999,USA,Cash,Curry Sauce,Sauces,40,12,480,46.56
1417,4/29/14,10,Company J,123 10th Street,Chicago,IL,99999,USA,Laura Giussani,East,5/15/14,Shipping Company B,Roland Wacker,123 10th Street,Chicago,IL,99999,USA,Credit Card,Almonds,Dried Fruit & Nuts,10,97,970,100.88
1419,4/15/14,10,Company J,123 10th Street,Chicago,IL,99999,USA,Laura Giussani,East,4/17/14,Shipping Company A,Roland Wacker,123 10th Street,Chicago,IL,99999,USA,NULL,Dried Plums,Dried Fruit & Nuts,3.5,53,185.5,17.62
1420,5/18/14,11,Company K,123 11th Street,Miami,FL,99999,USA,Anne Larsen,South,5/20/14,Shipping Company C,Peter Krschne,123 11th Street,Miami,FL,99999,USA,NULL,Curry Sauce,Sauces,40,61,2440,248.88
1421,5/17/14,1,Company A,123 1st Street,Seattle,WA,99999,USA,Nancy Freehafer,North,5/23/14,Shipping Company C,Anna Bedecs,123 1st Street,Seattle,WA,99999,USA,NULL,Crab Meat,Canned Meat,18.4,45,828,81.14
1422,5/17/14,28,Company BB,789 28th Street,Memphis,TN,99999,USA,Anne Larsen,South,5/22/14,Shipping Company C,Amritansh Raghav,789 28th Street,Memphis,TN,99999,USA,Credit Card,Coffee,Beverages,46,43,1978,197.8
1423,3/1/14,9,Company I,123 9th Street,Salt Lake City,UT,99999,USA,Robert Zare,West,3/11/14,Shipping Company A,Sven Mortensen,123 9th Street,Salt Lake City,UT,99999,USA,Check,Clam Chowder,Soups,9.65,18,173.7,16.5
1424,11/26/13,6,Company F,123 6th Street,Milwaukee,WI,99999,USA,Michael Neipper,North,11/28/13,Shipping Company B,Francisco PŽrez-Olaeta,123 6th Street,Milwaukee,WI,99999,USA,Credit Card,Chocolate,Candy,12.75,41,522.75,50.71
1425,12/4/13,8,Company H,123 8th Street,Portland,OR,99999,USA,Nancy Freehafer,North,12/13/13,Shipping Company B,Elizabeth Andersen,123 8th Street,Portland,OR,99999,USA,Check,Chocolate,Candy,12.75,19,242.25,23.98
1426,12/11/13,25,Company Y,789 25th Street,Chicago,IL,99999,USA,Laura Giussani,East,12/20/13,Shipping Company A,John Rodman,789 25th Street,Chicago,IL,99999,USA,Cash,Cajun Seasoning,Condiments,22,65,1430,138.71
1427,4/11/14,26,Company Z,789 26th Street,Miami,FL,99999,USA,Anne Larsen,South,4/24/14,Shipping Company C,Run Liu,789 26th Street,Miami,FL,99999,USA,Credit Card,Boysenberry Spread,"Jams, Preserves",25,13,325,32.18
1428,4/19/14,29,Company CC,789 29th Street,Denver,CO,99999,USA,Jan Kotas,West,5/3/14,Shipping Company B,Soo Jung Lee,789 29th Street,Denver,CO,99999,USA,Check,Fruit Cocktail,Fruit & Veg,39,54,2106,214.81
1429,12/13/13,6,Company F,123 6th Street,Milwaukee,WI,99999,USA,Michael Neipper,North,12/17/13,Shipping Company C,Francisco PŽrez-Olaeta,123 6th Street,Milwaukee,WI,99999,USA,Check,Dried Pears,Dried Fruit & Nuts,30,33,990,95.04
1430,1/4/14,6,Company F,123 6th Street,Milwaukee,WI,99999,USA,Michael Neipper,North,1/20/14,Shipping Company C,Francisco PŽrez-Olaeta,123 6th Street,Milwaukee,WI,99999,USA,Check,Dried Apples,Dried Fruit & Nuts,53,34,1802,185.61
1431,3/4/14,4,Company D,123 4th Street,New York,NY,99999,USA,Andrew Cencini,East,3/6/14,NULL,Christina Lee,123 4th Street,New York,NY,99999,USA,NULL,Gnocchi,Pasta,38,59,2242,226.44
1432,4/3/14,3,Company C,123 3rd Street,Los Angelas,CA,99999,USA,Mariya Sergienko,West,4/7/14,NULL,Thomas Axerr,123 3rd Street,Los Angelas,CA,99999,USA,NULL,Green Tea,Beverages,2.99,24,71.76,7.1